,substation_name,latitude,longitude,pnode_match
553,Abingdon,36.72004621,-82.00796658,ABINGDON
119,Acca,37.57993938,-77.47755036,ACCA
60,VMEA Peaking Gen,38.73998268,-77.50915689,AIRPORT
405,Alpine,37.33627018,-77.28109658,ALLIED
37,Philip Morris,37.34223674,-77.28516339,ALPINE
176,Altavista,37.13006373,-79.27844264,ALTAVSTA
525,Alum Ridge,36.97539425,-80.39842021,ALUMRIDG
50,Annandale,38.82350648,-77.1690137,ANNANDAL
423,Aquia Harbor,38.45115318,-77.38765809,AQUIA
52,Arcola,38.8966549,-77.5698336,ARCOLA
351,Arlington,38.84769082,-77.09782624,ARLINGTN
341,Comorn Dp,38.27994231,-77.20435371,ARNOLDCR
130,Ashburn,39.05139227,-77.49837049,ASHBURN
234,Axton,36.63455031,-79.7047789,AXTON
348,Ballston,38.88498274,-77.0984868,BALSTON
367,Banister,36.75052076,-79.40617252,BANISTE4
90,Barracks Road,38.07163454,-78.53051158,BARRCKRD
335,West Winchester,39.12957187,-78.20752686,BARTONVI
329,Bartonsville,39.130238,-78.19515274,BARTONVI
409,Basin,37.49209701,-77.43067209,BASIN
198,Battery Heights DP,38.75276319,-77.4577185,BATERYHT
87,Bath County,38.20908631,-79.80018441,BATH COUNTY
97,Bayview,37.27162161,-75.96784376,BAYVIEW
420,Bear Island DP,37.83706572,-77.36238895,BEAR DPL
168,Bear Garden,37.69708966,-78.28432132,BEAR GARDEN CC
205,Beaumeade,39.02615843,-77.4564009,BEAUMEAD
206,BECO,39.02455767,-77.43713272,BECO
490,Beechwood DP,36.62635991,-78.19166045,BEECHDP
99,Belle Haven Diesel Generation Facility,37.54846186,-75.79083453,BELLEHAV
401,Bellwood,37.41737781,-77.43269174,BELLWOOD
58,Belvoir,38.74144607,-77.13447072,BELVOIR
262,Benns Church,36.913018,-76.5758493,BENNSCH
381,Bent Mountain,37.1783679,-80.11946681,BENTMOUN
154,Blaine,37.05067776,-79.86572137,BLAINE
572,Stonewall Energy Center,39.05800492,-77.54045958,BLMNTDOM
464,Bloxoms Corner,37.0607401,-76.30026435,BLOXOMSC
151,Blue Ridge,37.38548831,-79.79839529,BLUE RIDGE
157,Bonsack,37.33308427,-79.87011864,BONSACK
182,Boonsboro,37.43295365,-79.22913219,BOONSBOR
304,Boxwood,37.59345529,-79.03242541,BOXWOOD
501,Boykins,36.6004468,-77.19368156,BOYKINS
343,Braddock,38.8218653,-77.22356114,BRADDOCK
124,Brambleton,38.96355793,-77.5490421,BRAMBLET
40,Bremo Bluff,37.70973174,-78.28844858,BREMO4
144,Bristers,38.56312074,-77.59554124,BRISTERS
555,Broadford (765 kV),36.92167698,-81.67964533,BROADFORD
494,Brodnax,36.73435143,-78.01111496,BRODNAX
185,Brookville,37.37363957,-79.20443788,BROOKVI2
495,Brunswick,36.74140082,-77.92115071,BRUNSWICK
181,Brush Tavern,37.32299812,-79.25871096,BRUSHTAV
16,Buchanan Generation LLC,37.17548412,-81.96105499,BUCHANCO
78,Buck Hydro,36.80809818,-80.93872682,BUCK
8,Buckhorn,37.13548877,-81.49585152,BUCKHORN
85,Buena Vista,37.73222872,-79.35673672,BUENAVST
270,Burlington,37.36126087,-79.96992235,BURLING2
484,Burlington DP,36.57215819,-78.44491332,BURLINGT
34,Burton,36.90759809,-76.17297305,BURTON
76,Byllesby 2,36.78448551,-80.93530349,BYLLESBY
534,Cambria,37.14251464,-80.41473651,CAMBRIA
303,Candlers Mountain,37.3265735,-79.15561081,CANDLERS
127,Cannon Branch,38.74404775,-77.50301178,CANNONBR
516,Carson,37.08538825,-77.40587584,CARSON
316,Cartersville,37.65702131,-78.1277614,CARTERSV
396,Carver,37.55573235,-77.44835885,CARVER
92,Cash's Corner,38.10383998,-78.2634541,CASHCNDP
271,Catawba,37.33191545,-80.02633098,CATAWBA
382,Cave Spring,37.22845744,-80.00854958,CAVESPRI
389,Celanese,37.34679794,-80.76819536,CELANESE
437,Centralia,37.37949755,-77.45344475,CENTRLIA
363,Centerville,37.3745952,-79.50196995,CENTRVIL
143,Chancellor,38.26225264,-77.58926238,CHANCELLOR
433,Charles City Road,37.51559168,-77.36597472,CHARLES CITY
162,Charlottesville,38.04159285,-78.45782221,CHARLTSV
485,Chase City,36.8090598,-78.46555155,CHASECTY
368,Chatham,36.84947605,-79.38763529,CHATHAM4
245,Chesapeake Energy Center,36.771,-76.303476,CHESAPKE
392,Chesterfield,37.38180343,-77.38259826,CHESTERF
336,Chickahominy,37.4373762,-77.15852329,CHICKAHOMINY
105,Wallops Island,37.93421224,-75.37815417,CHINCOTE
241,Churchland,36.87106757,-76.37693635,CHRCHLND
354,CIA,38.95044621,-77.14816745,CIA
349,Clarendon,38.8849596,-77.10463894,CLARENDN
210,Clark,38.90718246,-77.27127032,CLARK4
4,Claypool Hill,37.04524508,-81.77546367,CLAYPOOL
77,Claytor,37.07467364,-80.58412392,CLAYTOR
276,Clearbrook,37.2196944,-79.95315672,CLEARBRO
374,Clifford,37.69493354,-79.01210208,CLIFFORD
156,Clifton Forge,37.81240178,-79.8241049,CLIFTNFG
195,Clifton,38.78120873,-77.39880676,CLIFTON
361,Bearskin,36.84785331,-79.47077898,CLIMAXDP
537,Clinch River,36.93050929,-82.19803394,CLINCH RIVER 1-3
10,Clinchfield,36.98334816,-82.18283407,CLINCHFI
298,Clover,36.86621143,-78.70654368,CLOVER
286,Cloverdale 765kV,37.37447117,-79.90058706,CLOVERDALE
61,Cloverhill,38.719799,-77.499632,CLOVERHL
377,Colleen,37.71045345,-78.94650685,COLLEEN
469,Colony,37.10745168,-76.50412403,COLONY
330,Columbia,37.76092745,-78.17341753,COLUMBIA
340,Birchwood,38.28668182,-77.23107827,COMORNDP
536,Copper Ridge,36.79432976,-82.46473789,COPPERRI
81,Covington,37.76931997,-79.98599993,COVINGTN
372,Craigsville,38.08285176,-79.38484134,CRAIGSVI
424,Cranes Corner,38.35364279,-77.45586288,CRANESCR
492,Crewe,37.16504501,-78.13068406,CREWE
238,Crittenden,36.88344273,-76.52505959,CRITTNDN
89,Crozet,38.08471039,-78.69854023,CROZET
193,NOVEC Country Club,38.60890217,-77.31904236,CTRYCLDP
123,Cub-Run DP,38.87509557,-77.47041094,CUBRUNDP
64,Culpeper,38.46946279,-77.9932396,CULPEPER
159,Cunningham,37.86864966,-78.37414532,CUNNINGHAM
369,Cushaw,37.59288534,-79.38044883,CUSHAW
574,Danieltown,36.90325194,-77.99377321,DANLTNDP
23,Danville New Design Plant,36.63167603,-79.39757009,DANVILPL
390,Darbytown CTS,37.49903853,-77.36935751,DARBYTWN
33,Davis,36.85186452,-76.17562484,DAVIS2
571,Davis Drive,38.98971499,-77.41193244,DAVISDRV
223,Dayton,38.40984017,-78.92815215,DAYTON
580,Dearington,37.40926649,-79.1644203,DEARINGT
244,Deep Creek,36.76429758,-76.34346028,DEEP CREEK 1-2
542,Dickens,36.84326457,-82.22726173,DICKENS
512,Disputanta,37.1102893,-77.22521267,DISPUTNT
300,Dooms,38.10703457,-78.84909718,DOOMS
321,Double Toll Gate,39.06134905,-78.13704877,DOUBLETO
207,Dranesville,38.97939788,-77.36155865,DRANESVL
296,Dryburg,36.82004704,-78.73600977,DRYBURG
201,Dulles,38.94537623,-77.43175955,DULLES
192,Dumfries,38.58730618,-77.3059351,DUMFRIES
473,Dunnsville,37.85277896,-76.81263913,DUNNSVIL
400,Dupont,37.45327138,-77.43845776,DUPONT
228,Dupont Waynesboro,38.0611923,-78.88086204,DUPWAYNE
188,East Danville,36.60368389,-79.3479462,EDANVILL
521,Edgemont,37.10222454,-80.46710169,EDGEMONT
164,Edinburg,38.83404615,-78.5360772,EDINBUR4
30,Elizabeth River Power Station,36.77374549,-76.31172605,ELIZRIV
554,Elk Garden,36.91476406,-81.996991,ELKGARD2
122,Pleasant Valley,38.85859386,-77.50687322,ELKLCKDP
338,Elko,37.47725917,-77.23744483,ELKO4
51,Elk Run,38.55627275,-77.70973563,ELKRUNDP
293,Elkton D.P.,38.3530038,-78.6663132,ELKTONDP
118,Elmont,37.6977958,-77.48471147,ELMONT
26,Emporia,36.69586061,-77.5596501,EMPORIA
413,National Welders Ind,37.33964444,-77.32325939,ENON4
131,Enterprise,39.00222414,-77.48039052,ENTRPRIS
187,Fairfield,37.8705064,-79.30672405,FAIRFELD
524,Falling Branch,37.13830302,-80.33119304,FALLINGB
487,Farmville,37.31142158,-78.3930341,FARMVILL
242,Fentress,36.69045416,-76.19002867,FENTRESS
331,Ferncliff,37.93150951,-78.10540539,FERNCLIF
279,Fieldale,36.70912544,-79.93445629,FIELDALE
378,Fishersville,38.09569253,-78.95571892,FISHERSV
11,Fletchers Ridge,37.11397828,-82.06905292,FLETCHER
517,Floyd,36.92592942,-80.30859177,FLOYD
43,Falls Church,38.88572746,-77.15769712,FLSCHURC
160,Fluvanna P.S.,37.86735761,-78.37942772,FLUVANNA
184,Forest,37.36345077,-79.29310555,FOREST2
430,Four Rivers,37.82178788,-77.44353517,FOURRIVR
46,Franconia,38.73904943,-77.19379111,FRANCONA
282,Franklin,36.9834625,-79.91829925,FRANKLIN
120,Fredericksburg,38.30442241,-77.48324483,FRDRKSBG
508,Freeman DP,36.76420328,-77.70108816,FREEMAN
19,Freemont,37.1298211,-82.39644841,FREMONT
505,Fries,36.71525958,-80.98805527,FRIES
323,Front Royal,38.96852935,-78.17746336,FRONT ROYAL
454,Fort Eustis,37.16228569,-76.54619558,FTEUSTIS
496,Fork Pickett,37.12094649,-77.93804953,FTPICKET
425,Fuller Road,38.50080254,-77.36493535,FULLERRD
145,Gainesville,38.79084529,-77.56517207,GAINESVL
344,Gallows Road,38.85442877,-77.21914412,GALLWSRD
72,Garden Creek,37.20653433,-82.00870517,GARDEN CREEK 1-2
477,Garner DP,37.89372551,-76.50641924,GARNERDP
129,Garrisonville,38.45567963,-77.48973414,GARRISON
313,George Street,37.32730768,-79.18306746,GEORGEST
359,Glasgow,37.62484234,-79.48069516,GLASGOW
350,Glen Carlyn,38.86952651,-77.12929085,GLCARLYN
110,Glebe,38.84164768,-77.05461594,GLEBE
504,Glen Lyn,37.36974301,-80.86129938,GLENLYN
306,Gomingo,37.42663253,-79.08461772,GOMINGO
563,Goose Creek,39.07550887,-77.53146441,GOOSECRE
39,Gordonsville Energy LP,38.12406512,-78.20421808,GORDONSV
319,Gordonsville,38.12654775,-78.22154914,GORDONSV
0,Gore,39.27620298,-78.36464218,GORE APS
362,Goshen,37.96834452,-79.5092247,GOSHEN
246,Gosport,36.79482702,-76.31207238,GOSPORT
455,Grafton,37.14913923,-76.4984995,GRAFTON
15,Kean Mtn and Grassy Creek,37.17466483,-81.92254075,GRASSYCR
186,Graves Mill,37.39562631,-79.23619671,GRAVESMI
253,Green Run,36.79792287,-76.10728467,GREENRUN
128,Greenway,39.00405042,-77.47959763,GREENWAY
251,Greenwich,36.84176562,-76.17497997,GREENWCH
325,Greenwood,39.15236609,-78.13148503,GREENWOO
366,Mt Airy,36.93689888,-79.36244031,GRETNA
175,Otter River,37.05422683,-79.25305614,GRITDP
301,Grottoes,38.26606908,-78.81281928,GROTTOES
18,Grundy,37.30119801,-82.12463263,GRUNDY
357,Gum Springs,38.74867082,-77.08931275,GUMSPRNG
12,Hales Branch,37.26051801,-81.94308053,HALESBRA
451,Hamilton,39.14640845,-77.68039988,HAMILTON
380,Hancock,37.26744642,-80.02305441,HANCOCK
429,Hanover,37.74069535,-77.46271479,HANOVER
533,Hans Meadow,37.15259022,-80.41152767,HANSMEAD
546,Hansonville,36.84781902,-82.12132495,HANSONVL
476,Harmony Village,37.58231166,-76.48478139,HARMONYV
222,Harrisonburg,38.41132416,-78.8822805,HARRISBU
55,Harrison,38.81146883,-77.45130042,HARRISON
515,Harvell,37.25649655,-77.37203088,HARVELL
404,Harrowgate,37.29185054,-77.41912399,HARWGATE
461,Hayes,37.27920313,-76.49480811,HAYES
47,Hayfield,38.7631148,-77.15040432,HAYFIEL4
73,Haysi,37.20857863,-82.30075678,HAYSI
417,HCF,37.29786666,-77.2729608,HCF
209,Hemdon,38.96607667,-77.37907567,HERNDNPK
243,Hickory,36.64364792,-76.23691794,HICKORY
551,Hill,36.72236029,-82.63475531,HILL
173,Hollymeade,38.12733997,-78.43377319,HOLLYMD
406,Hopewell,37.29006049,-77.28266628,HOPEWELL
289,Huffman,36.77730114,-80.71930201,HUFFMAN
138,Hull Street Road,37.44443045,-77.57657806,HULLSTR
200,Hunter,38.94811967,-77.32836393,HUNTER
273,Bennington,37.30857259,-79.93011714,HUNTINCT
345,Idylwood,38.88564244,-77.20960835,IDYLWOO4
214,Independent Hill D.P.,38.63250082,-77.46074687,INDEPHIL
250,Industrial Park,36.86389966,-76.24852728,INDUSTPK
287,Ingersoll Rand,37.34452674,-79.92031606,INGERSOL
518,Ingles St,37.11704384,-80.59313942,INGLESST
113,Iron Bridge,37.40862166,-77.50466853,IRONBRI4
174,Ivy Hill,37.42575301,-79.29093033,IVYHILL
548,Jacksons Ferry,36.8791622,-80.82317025,JACKSONS FERRY
511,Jarratt,36.82027337,-77.48376492,JARRATT
109,Jefferson Street,38.797078,-77.05484794,JEFFERSON
493,Jetersville,37.28060252,-78.11164197,JETERSVL
6,Jewell Ridge,37.19242587,-81.7830456,JEWELRDG
196,Johnson DP,38.83203344,-77.46574692,JOHNSNDP
178,Evington,37.24017236,-79.30200924,JOHNSONM
314,Joshua Falls,37.42539439,-79.03621227,JOSHUA FALLS
432,Kings Dominion,37.84628421,-77.44170624,KDOMINDP
346,Keene Mill,38.77393307,-77.26349495,KEENMILL
491,Kenbridge,36.9596282,-78.13172368,KENBRIDG
581,Cherrydale Solar Power Facility,37.365716,-75.916007,KENDLGRV
402,Kevlar,37.45005506,-77.43748999,KEVLAR
169,Kidds Store,37.79953752,-78.36834662,KIDDSTDP
506,Kimballton,37.35329063,-80.66672838,KIMBALLT
236,Kings Fork,36.7843036,-76.60233969,KINGSFRK
481,King's Mill,37.23368811,-76.63094246,KINGSMIL
333,Meadow Brook,39.05412251,-78.25515661,KLINESMI
385,Kumis,37.23690882,-80.17753991,KUMIS
121,Ladysmith Ct,38.06684721,-77.51758861,LADYSMCT
134,Ladysmith Ct,38.07326886,-77.51306745,LADYSMCT
140,Ladysmith,38.04665279,-77.55027637,LADYSMITH
444,Lake of The Woods DP,38.313533,-77.78125429,LAKEOFWD
410,Lakeside,37.61688513,-77.46011624,LAKESID4
211,Lakeridge,38.69243138,-77.29486849,LAKRIDGE
265,Landstown,36.77130203,-76.0921628,LANDSTWN
531,Lane,37.21014027,-80.4200647,LANE
458,Lanexa,37.42016694,-76.91198959,LANEXA
507,Lawrenceville,36.74967218,-77.84646653,LAWRENCE
552,Lebanon,36.92264493,-82.07051379,LEBANON
371,Leesville,37.09398001,-79.40332373,LEESVILL
364,Lexington,37.86765103,-79.42041902,LEXINGTON
460,Lightfoot,37.32823051,-76.75710981,LGHTFOOT
559,Liberty,38.77464047,-77.53375099,LIBERTY
158,Lake Forest,37.37838469,-79.84733838,LKFOREST
20,Lockhart,37.15385841,-82.42560196,LOCKHART
514,Locks,37.22197699,-77.44356458,LOCKS
255,London Bridge,36.77195611,-76.01968104,LONDNBRG
9,Lonesome Pine,37.23666153,-81.31395374,LONESOME
17,Looney Creek,37.31553478,-82.09443031,LOONEYCR
564,Loudon,38.89413189,-77.56454703,LOUDOUN
38,Louisa Generation Facility,38.1174189,-78.21546139,LOUISA
148,Lovettsville,39.2954316,-77.63267947,LOVETTSV
152,Lowmoor,37.77652852,-79.89199139,LOWMOOR
254,Lynnhaven,36.83837513,-76.07525627,LYNNHAVN
465,Magruder,37.05799066,-76.40107992,MAGRUDER
398,Manchester,37.49546269,-77.43218906,MANCHSTR
412,Marlboro,37.47400671,-77.43489524,MARLBORO
448,Marsh Run Ct,38.52789851,-77.7696135,MARSHRUN
457,Dow,37.20268562,-76.60514216,MARTNHND
569,Marvin,37.1708581,-81.97478255,MARVIN
260,McLaughlin,36.87418604,-76.29850469,MCLAUGH
320,Meadow Brook,39.05806093,-78.25340577,MEADOWBR
526,Merrimac,37.19254473,-80.41881611,MERRIMAC
450,Middleburg,38.95924315,-77.72156119,MIDDLEBG
439,Midlothian,37.50258352,-77.70405173,MIDLOTHIAN
532,Midway,37.17076573,-80.42270364,MIDWAYAP
302,Midway,38.02658212,-78.70715991,MIDWAYDP
133,Mine Road,38.2502859,-77.47591398,MINEROAD
213,Lindendale D.P. (Minnieville),38.65266973,-77.3483491,MINVILDP
318,Oak Green,38.36749298,-77.99374172,MITCHLDP
305,Monel,37.45648548,-79.12426127,MONEL
232,Moneta,37.19526388,-79.61744947,MONETA
274,Huntington Court,37.31602459,-79.92794802,MONTEREY
44,Moore,38.76755396,-77.37500478,MOOREDP
445,Morrisville,38.50108792,-77.70878874,MORRISVILLE
146,Mosby,38.8949686,-77.56820306,MOSBY
233,Moseley,37.35232939,-79.56578353,MOSELEY
529,Mount View,37.25929655,-80.4455485,MOUNTVIE
294,Mount Jackson,38.72436542,-78.6617298,MTJACKS4
65,Mountain Run,38.46291035,-77.97397651,MTN RUN
117,Mountain Road,37.67043029,-77.52191006,MTNROAD
387,Mt. Union,37.46008211,-80.01517844,MTUNION
503,Myrtle,36.77130021,-76.6966516,MYRTLE
456,Nasa,37.09336742,-76.38503463,NASA
414,Allied,37.33836845,-77.29775811,NATWELDR
520,North Blacksburg,37.27708188,-80.38097126,NBLACKSB
419,North Doswell,37.88319273,-77.46122386,NDOSWLDP
95,Commonwealth Chesapeake,37.98867001,-75.53967558,NEWCHURC
180,New London,37.32910871,-79.30879958,NEWLONDO
147,New Road,38.93391329,-77.62540895,NEWROAD
142,Ni River DP,38.24325646,-77.58614837,NIRIVER
215,NIVO,39.02340639,-77.46050049,NIVO
441,North Anna,38.06129172,-77.79721628,NORTH ANNA
408,Northeast,37.55070134,-77.3623233,NORTHEAS
440,North Pole,37.6362189,-77.79385635,NPOLE
226,North River D.P.,38.34759674,-78.89656327,NRIVERDP
558,North Alexandria,38.82052447,-77.05197835,NRTHALEX
474,Northern Neck,37.94847795,-76.71203979,NRTHNECK
167,North Shenandoah,38.52692713,-78.620324,NSHE APS
114,Northwest,37.63046819,-77.54155697,NWEST
590,Winters Branch,38.732736,-77.507383,NWINTERS
462,Newport News,36.98655702,-76.43043748,NWPORTNW
106,Westmoreland,38.18440517,-76.9986338,OAKGROV4
478,Oak Hall,37.94334067,-75.57043579,OAKHALL
284,Oak Level,36.82143927,-79.93027797,OAKLEVEL
235,Oak Ridge,36.72468115,-76.62220275,OAKRIDGE
258,Oakwood,36.90978868,-76.2373345,OAKWOOD
342,Occoquan,38.71315635,-77.26906377,OCCOQUAN
56,Covanta Fairfax Energy,38.69652368,-77.23980488,OGDENMTN
322,Old Chapel,39.15975987,-78.00807123,OLDCHAPE
339,Old Church,37.63455996,-77.25058771,OLDCHRCH
297,Omega DP,36.67050094,-78.81133379,OMEGADP
308,Opossum Creek,37.3726085,-79.10762812,OPOSSUMC
177,Otter,37.14295548,-79.28041261,OTTER
82,Altavista Power Station,37.11776583,-79.27597003,OTTERRIV
189,Ox,38.72378605,-77.28851676,OX
166,Page,38.6696023,-78.45205357,PAGE
277,Fieldale,36.7058555,-79.91481694,PATRIOTC
443,Paytes DP,38.22622493,-77.83495515,PAYTESDP
225,Peach Grove D.P.,38.38144379,-78.88548045,PEACHGDP
290,Peak Creek,37.04844348,-80.74781265,PEAKCREE
309,Peaksview,37.38946666,-79.12208623,PEAKSVIE
407,Pearsons,37.67124566,-77.37924539,PEARSON
256,Pendleton,36.79038605,-75.99842104,PENDLETN
231,Penhook,36.97884841,-79.61653232,PENHOOK
467,Peninsula,37.09145819,-76.38880985,PENINSLA
98,Perdue Diesel Generation Facility,37.74189181,-75.65576839,PERDUE
566,Permac,37.15704533,-81.9835342,PERMAC
373,Perth,37.01366302,-79.00402362,PERTH
550,Peters Mountain,37.37210044,-80.79814558,PETERSMO
388,Philpott,36.77607146,-80.02717068,PHILPOTT
101,Pinnacles,36.6669097,-80.4479937,PINNACLE
591,Pioneer,38.754656,-77.512828,PIONEER
397,Pipeline,37.52167631,-77.4259527,PIPELINE
288,Pipers Gap,36.75858586,-80.74842048,PIPERSGA
116,Plaza,37.49803979,-77.47818438,PLAZA
125,Pleasant View,39.07716711,-77.52943229,PLEASANT VIEW
126,Pleasant View,39.07590817,-77.5288222,PLEASNTV
500,Pleasant Hill,36.55111147,-77.52904785,PLESNTH4
383,Poages Mill,37.19948276,-80.0346502,POAGESMI
513,Poe,37.19995371,-77.35909115,POE
576,Poland Road,38.91751631,-77.49173629,POLANDRD
416,Polyester PS,37.2981794,-77.28344423,POLYESTR
426,Possum Point,38.54052188,-77.27942618,POSSUMP4
45,Possum Point,38.5374136,-77.28117929,POSSUMP4
530,Prices Fork,37.22961721,-80.44460014,PRICESFO
54,Prince William Dp,38.74964876,-77.47438746,PRINCWIL
172,Proffit,38.11857582,-78.41537937,PROFITDP
545,Progress Park,36.96108746,-81.00360188,PROGRESS
427,Quantico,38.51635438,-77.30371462,QUANTICO
355,Radnor Heights,38.88597774,-77.08253236,RADNORHT
560,Railroad DP,38.77727691,-77.53570215,RAILRDDP
347,Ravensworth,38.79675185,-77.24370308,RAVENSWO
510,Reams,37.08919504,-77.42517513,REAMSDP
324,Redbud,39.21197165,-78.13499188,REDBUD
170,Red Hill,37.96676425,-78.62678058,REDHILL
74,Red Oak (AP),37.21217184,-81.75237776,REDOAKA
219,Reedy Creek,36.69771299,-78.87641442,REEDYCRK
249,Reeves Ave,36.84204059,-76.27318095,REEVESAV
446,Remington,38.53964352,-77.7772197,REMINGTN
447,Remington CT,38.543852,-77.76959512,REMNTNCT
199,Reston,38.95291359,-77.34561861,RESTON
83,Reusens,37.46249542,-79.18712614,REUSENS
391,Reymet,37.38896585,-77.40747616,REYMET
3,Richlands,37.09214044,-81.80664264,RICHLAND
153,Ridgeway,36.58641859,-79.8386542,RIDGEWAY
136,River Road,37.5744277,-77.5751679,RIVERRD
334,Riverton,38.96540748,-78.17722791,RIVERTON
221,Riverville,37.5111295,-78.91198683,RIVERVIL
280,Roanoke Electric Steel,37.27560807,-79.99904598,ROANELST
272,Roanoke,37.25039131,-79.9208591,ROANOKE
229,Rockcastle,37.13219084,-79.57128068,ROCKCAST
84,Rockbridge,37.79844248,-79.41556716,ROCKRIDG
356,Rosslyn,38.89607909,-77.07153605,ROSLYN
587,Roundtable,39.00522961,-77.46653049,ROUNDTBL
264,Ruritan,36.81938786,-76.25825674,RURITAN
311,Rustburg,37.27718258,-79.10626852,RUSTBURG
539,Saltville,36.89548797,-81.75334542,SALTVILL
509,Sapony,36.94478174,-77.47668023,SAPONY
528,South Christiansburg,37.1192675,-80.39790868,SCHRISTI
163,Scottsville,37.79546857,-78.50932864,SCOTTSVI
482,Seaford,37.17419781,-76.47677782,SEAFORD
452,Septa,37.01474397,-76.73866348,SEPTA
267,Sewell's Point,36.93102593,-76.31858042,SEWELLPT
14,Shack Mills Station,37.21348876,-81.90381736,SHACKMIL
27,Southampton Power Station,36.65318665,-76.99554592,SHAMPTON
332,Shannon Hill,37.88256715,-78.04595556,SHANNON
384,Shawsville,37.14759537,-80.26555339,SHAWSVIL
132,Shellhorn,38.998881,-77.471994,SHELHORN
463,Shellbank,37.02997092,-76.3670871,SHELLBNK
171,Sherwood,38.02126164,-78.52598849,SHERWOOD
395,Shockoe,37.55280144,-77.42762436,SHOCKOE
137,Short Pump,37.65962425,-77.62363304,SHORTPMP
208,Sideburn,38.7982307,-77.29637919,SIDEBURN
216,Sinai,36.74305068,-78.92984967,SINAI
71,Skaggs Branch,37.17674762,-82.03274296,SKEGGSBR
179,Skimmer,37.52011721,-79.35164297,SKIMMER
41,Slabtown,38.22456512,-77.47377842,SLABTNDP
310,South Lynchburg,37.36193425,-79.17982079,SLYNCHBU
358,Smith Mountain,37.04034538,-79.53246603,SMITH MOUNT
480,Smithfield,36.9597007,-76.66956785,SMITHFLD
191,NOVEC Smoketown,38.64157111,-77.30230777,SMOKTNDP
86,Snowden,37.57358082,-79.37089437,SNOWDENR
218,South Boston,36.70029515,-78.91301087,SOBOSTON
489,South Hill,36.72624205,-78.11698543,SOUTHILL
115,Southwest,37.50207966,-77.5323324,SOUTHWES
149,Sowego DP,38.59129348,-77.57779074,SOWEGODP
328,Sperryville,38.65846951,-78.22062419,SPERRYVI
411,Spruance NUG,37.45453351,-77.429386,SPRUANCE G3G4
434,Stafford,38.44610159,-77.3891976,STAFFORD
275,Starkey,37.21172208,-79.9872354,STARKEY
315,Staunton,38.14781859,-79.06615965,STAUNTON
327,Stephenson,39.24490028,-78.08836906,STEPHENS
204,Sterling Park,38.99468114,-77.42076954,STERLING
299,South Creek,37.36208653,-78.85163391,STHCREEK
422,St Johns DP,38.0293359,-77.43118131,STJOHNDP
421,St. Johns,38.03114507,-77.42765586,STJOHNS4
150,Stockton,36.6825974,-79.7404935,STOCKTON
165,Strasburg,39.00164336,-78.35871382,STRASBUR
266,Stumpy Lake,36.77946913,-76.15755976,STUMPYLK
239,Suffolk,36.7103221,-76.58046887,SUFFOLK
202,Sully,38.91977204,-77.42839291,SULLY
453,Surry,37.16202033,-76.69477726,SURRY
353,Swinks Mill,38.95016605,-77.19950261,SWINKMIL
283,Tank Hill,37.00202307,-79.89815497,TANKHILL
96,Tasley,37.70603558,-75.70276562,TASLEY
556,Tazewell,37.14809388,-81.54568417,TAZEWELL
523,South Christianburg,37.12252838,-80.38395996,TECHDRIV
252,Thalia,36.83951016,-76.13444539,THALIA
257,Thole Street,36.90006169,-76.25806708,THOLEST
281,Thornton,36.92493006,-79.92403451,THORNTON
263,Thrasher,36.7592624,-76.24016888,THRASHER
292,Timberville,38.62739254,-78.77872878,TIMBERVL
459,Toano,37.3632413,-76.80487749,TOANO
141,Todds Tavern DP,38.2478853,-77.66591262,TODDSTVN
562,Bland,37.09728154,-81.13053873,TOWNCRK
139,Trabue,37.50726651,-77.62899297,TRABUE
499,Trego,36.6010095,-77.63719698,TREGO
317,Trices Lake,37.66297275,-78.23822108,TRICESLK
428,Turner Road,37.44748273,-77.30143635,TURNER
399,Twelvth Street,37.53357342,-77.43984127,TWELFTHS
403,Tyler,37.35109094,-77.39523909,TYLER
352,Tysons,38.93202821,-77.23689132,TYSONS
32,Virginia Beach,36.84999299,-76.01704977,VABEACH
375,Valley,38.3143416,-78.97081062,VALLEY
48,Van Dorn,38.79499351,-77.14928538,VANDORN
376,Verona,38.18989681,-78.98580918,VERONA
522,Vicker,37.16524664,-80.44405861,VICKER
155,Vinton,37.26829925,-79.86295506,VINTON
488,Kerr Dam,36.60085533,-78.30124511,VP KERR DAM 1-7
498,Wakefield,36.89790269,-76.89784094,WAKEFIEL
29,Waller,37.29585336,-76.70554961,WALLER
479,Chincoteague,37.88098031,-75.52172576,WALLOPS
203,Walney,38.8936558,-77.41158523,WALNEY
418,Walthall,37.30339617,-77.39916863,WALTHALL
108,Pentagon,38.86842435,-77.04946649,WAR
449,Warrenton,38.69742368,-77.76746382,WARRENTN
470,Warwick,37.08343514,-76.46033698,WARWICK
104,Wattsville,37.93480234,-75.50210517,WATTSVIL
227,Waynesboro,38.06026197,-78.87994886,WAYNESBO
278,West Bassett,36.76979023,-80.01751279,WBASSETT
220,Welco,36.67196559,-78.92009335,WELCO
224,Weyers Cave,38.28289371,-78.90590835,WEYERSCV
62,Wheeler,38.75308054,-77.65422652,WHEELER
570,Whitestone Branch,37.17275691,-81.95527334,WHETSTNE
337,White Oak,37.48611996,-77.24706625,WHITEOA4
475,White Stone,37.64880297,-76.39830012,WHITESTN
442,Wilderness DP,38.3544318,-77.75674092,WILDERNS
502,Windsor DP,36.822685,-76.78182066,WINDSOR
438,Winterpock,37.39321816,-77.67210685,WINTERPK
483,Westmoreland,38.00835039,-76.74359278,WMORELN4
22,Wolf Hills Energy,36.66359204,-82.10389867,WOLF HILLS 1-5
212,Woodbridge,38.65474502,-77.2825091,WOODBRGE
435,Woodpecker,38.09048893,-77.44548371,WOODPKDP
63,Woods DP,38.76741934,-77.47866716,WOODSDP
386,West Salem,37.29987475,-80.12589238,WSALEM
472,West Point,37.53926227,-76.80383347,WSTPOINT
291,Wurno,37.07469255,-80.71740545,WURNO
544,Wythe,36.9484324,-81.06049947,WYTHE
240,Yadkin,36.76297904,-76.35471476,YADKIN
573,Yardley Ridge,38.95018189,-77.5186353,YARDRIDG
471,Yorktown,37.21316329,-76.46103491,YORKTOW4