substation_name,latitude,longitude,pnode_match,pnode_id,type
Abingdon,36.72004621,-82.00796658,ABINGDON,32410481,LOAD
Abingdon,36.72004621,-82.00796658,ABINGDON,32410483,LOAD
Abingdon,36.72004621,-82.00796658,ABINGDON,45565837,LOAD
Acca,37.57993938,-77.47755036,ACCA,34885183,LOAD
Acca,37.57993938,-77.47755036,ACCA,34885185,LOAD
Acca,37.57993938,-77.47755036,ACCA,34885187,LOAD
Acca,37.57993938,-77.47755036,ACCA,34885189,LOAD
Acca,37.57993938,-77.47755036,ACCA,34885191,LOAD
VMEA Peaking Gen,38.73998268,-77.50915689,AIRPORT,1248985238,LOAD
Alpine,37.33627018,-77.28109658,ALLIED,34885193,LOAD
Alpine,37.33627018,-77.28109658,ALLIED,34885195,LOAD
Alpine,37.33627018,-77.28109658,ALLIED,34885197,LOAD
Philip Morris,37.34223674,-77.28516339,ALPINE,34885199,LOAD
Philip Morris,37.34223674,-77.28516339,ALPINE,34885201,LOAD
Philip Morris,37.34223674,-77.28516339,ALPINE,34885203,LOAD
Altavista,37.13006373,-79.27844264,ALTAVSTA,1356153835,LOAD
Alum Ridge,36.97539425,-80.39842021,ALUMRIDG,32410515,LOAD
Alum Ridge,36.97539425,-80.39842021,ALUMRIDG,2156118741,LOAD
Annandale,38.82350648,-77.1690137,ANNANDAL,34886121,LOAD
Annandale,38.82350648,-77.1690137,ANNANDAL,34886123,LOAD
Aquia Harbor,38.45115318,-77.38765809,AQUIA,48934095,LOAD
Arcola,38.8966549,-77.5698336,ARCOLA,1123172660,LOAD
Arcola,38.8966549,-77.5698336,ARCOLA,1123172661,LOAD
Arlington,38.84769082,-77.09782624,ARLINGTN,34886127,LOAD
Arlington,38.84769082,-77.09782624,ARLINGTN,34886129,LOAD
Arlington,38.84769082,-77.09782624,ARLINGTN,34886131,LOAD
Arlington,38.84769082,-77.09782624,ARLINGTN,34886133,LOAD
Comorn Dp,38.27994231,-77.20435371,ARNOLDCR,34886135,LOAD
Comorn Dp,38.27994231,-77.20435371,ARNOLDCR,34886137,LOAD
Comorn Dp,38.27994231,-77.20435371,ARNOLDCR,83734429,GEN
Ashburn,39.05139227,-77.49837049,ASHBURN,34886139,LOAD
Ashburn,39.05139227,-77.49837049,ASHBURN,34886141,LOAD
Axton,36.63455031,-79.7047789,AXTON,34509177,EHV
Ballston,38.88498274,-77.0984868,BALSTON,63381281,LOAD
Banister,36.75052076,-79.40617252,BANISTE4,34885209,LOAD
Barracks Road,38.07163454,-78.53051158,BARRCKRD,34886663,LOAD
Barracks Road,38.07163454,-78.53051158,BARRCKRD,34886665,LOAD
West Winchester,39.12957187,-78.20752686,BARTONVI,5021066,LOAD
West Winchester,39.12957187,-78.20752686,BARTONVI,5021067,LOAD
West Winchester,39.12957187,-78.20752686,BARTONVI,1292903327,LOAD
West Winchester,39.12957187,-78.20752686,BARTONVI,1292915420,GEN
Basin,37.49209701,-77.43067209,BASIN,34885213,LOAD
Basin,37.49209701,-77.43067209,BASIN,34885215,LOAD
Basin,37.49209701,-77.43067209,BASIN,34885217,LOAD
Battery Heights DP,38.75276319,-77.4577185,BATERYHT,34886143,LOAD
Bath County,38.20908631,-79.80018441,BATH COUNTY,35010375,EHV
Bayview,37.27162161,-75.96784376,BAYVIEW,292885,AGGREGATE
Bear Island DP,37.83706572,-77.36238895,BEAR DPL,41935397,LOAD
Bear Island DP,37.83706572,-77.36238895,BEAR DPL,47012197,LOAD
Bear Island DP,37.83706572,-77.36238895,BEAR DPL,47012199,LOAD
Bear Garden,37.69708966,-78.28432132,BEAR GARDEN CC,107485047,AGGREGATE
Beaumeade,39.02615843,-77.4564009,BEAUMEAD,34886145,LOAD
Beaumeade,39.02615843,-77.4564009,BEAUMEAD,34886147,LOAD
Beaumeade,39.02615843,-77.4564009,BEAUMEAD,45565881,LOAD
Beaumeade,39.02615843,-77.4564009,BEAUMEAD,2156118955,LOAD
Beaumeade,39.02615843,-77.4564009,BEAUMEAD,2156119644,LOAD
BECO,39.02455767,-77.43713272,BECO,57967575,LOAD
BECO,39.02455767,-77.43713272,BECO,76427739,LOAD
BECO,39.02455767,-77.43713272,BECO,1183224741,LOAD
BECO,39.02455767,-77.43713272,BECO,2156109917,LOAD
BECO,39.02455767,-77.43713272,BECO,2156119639,LOAD
Beechwood DP,36.62635991,-78.19166045,BEECHDP,34885219,LOAD
Beechwood DP,36.62635991,-78.19166045,BEECHDP,1338422187,LOAD
Belle Haven Diesel Generation Facility,37.54846186,-75.79083453,BELLEHAV,10700750,LOAD
Belle Haven Diesel Generation Facility,37.54846186,-75.79083453,BELLEHAV,10700799,GEN
Bellwood,37.41737781,-77.43269174,BELLWOOD,34885223,LOAD
Bellwood,37.41737781,-77.43269174,BELLWOOD,34885225,LOAD
Belvoir,38.74144607,-77.13447072,BELVOIR,34886149,LOAD
Belvoir,38.74144607,-77.13447072,BELVOIR,34886151,LOAD
Benns Church,36.913018,-76.5758493,BENNSCH,2156110186,LOAD
Benns Church,36.913018,-76.5758493,BENNSCH,2156118361,GEN
Bent Mountain,37.1783679,-80.11946681,BENTMOUN,32410623,LOAD
Bent Mountain,37.1783679,-80.11946681,BENTMOUN,32410625,LOAD
Blaine,37.05067776,-79.86572137,BLAINE,32410675,LOAD
Blaine,37.05067776,-79.86572137,BLAINE,32410677,LOAD
Stonewall Energy Center,39.05800492,-77.54045958,BLMNTDOM,1338431559,GEN
Stonewall Energy Center,39.05800492,-77.54045958,BLMNTDOM,1338431560,GEN
Stonewall Energy Center,39.05800492,-77.54045958,BLMNTDOM,1338431561,GEN
Stonewall Energy Center,39.05800492,-77.54045958,BLMNTDOM,1348256193,LOAD
Stonewall Energy Center,39.05800492,-77.54045958,BLMNTDOM,1348256194,LOAD
Bloxoms Corner,37.0607401,-76.30026435,BLOXOMSC,34885759,LOAD
Bloxoms Corner,37.0607401,-76.30026435,BLOXOMSC,34885761,LOAD
Blue Ridge,37.38548831,-79.79839529,BLUE RIDGE,35024709,AGGREGATE
Bonsack,37.33308427,-79.87011864,BONSACK,32410697,LOAD
Boonsboro,37.43295365,-79.22913219,BOONSBOR,2156116806,LOAD
Boonsboro,37.43295365,-79.22913219,BOONSBOR,2156116996,GEN
Boonsboro,37.43295365,-79.22913219,BOONSBOR,2156117095,LOAD
Boxwood,37.59345529,-79.03242541,BOXWOOD,2156114563,LOAD
Boykins,36.6004468,-77.19368156,BOYKINS,34885765,LOAD
Braddock,38.8218653,-77.22356114,BRADDOCK,34886155,LOAD
Braddock,38.8218653,-77.22356114,BRADDOCK,34886157,LOAD
Braddock,38.8218653,-77.22356114,BRADDOCK,2156113762,GEN
Brambleton,38.96355793,-77.5490421,BRAMBLET,1107283198,LOAD
Brambleton,38.96355793,-77.5490421,BRAMBLET,1305122928,LOAD
Brambleton,38.96355793,-77.5490421,BRAMBLET,1356178171,EHV
Brambleton,38.96355793,-77.5490421,BRAMBLET,2156109918,LOAD
Brambleton,38.96355793,-77.5490421,BRAMBLET,2156109919,LOAD
Bremo Bluff,37.70973174,-78.28844858,BREMO4,1775815501,LOAD
Bremo Bluff,37.70973174,-78.28844858,BREMO4,2156119333,LOAD
Bristers,38.56312074,-77.59554124,BRISTERS,62871513,EHV
Broadford (765 kV),36.92167698,-81.67964533,BROADFORD,34509181,EHV
Brodnax,36.73435143,-78.01111496,BRODNAX,34885233,LOAD
Brookville,37.37363957,-79.20443788,BROOKVI2,32410733,LOAD
Brunswick,36.74140082,-77.92115071,BRUNSWICK,51206,AGGREGATE
Brush Tavern,37.32299812,-79.25871096,BRUSHTAV,32410741,LOAD
Brush Tavern,37.32299812,-79.25871096,BRUSHTAV,1369000218,LOAD
Buchanan Generation LLC,37.17548412,-81.96105499,BUCHANCO,2156109446,GEN
Buchanan Generation LLC,37.17548412,-81.96105499,BUCHANCO,2156109447,GEN
Buck Hydro,36.80809818,-80.93872682,BUCK,32418329,GEN
Buck Hydro,36.80809818,-80.93872682,BUCK,32418331,GEN
Buck Hydro,36.80809818,-80.93872682,BUCK,32418333,GEN
Buckhorn,37.13548877,-81.49585152,BUCKHORN,32410753,LOAD
Buckhorn,37.13548877,-81.49585152,BUCKHORN,1388601920,LOAD
Buena Vista,37.73222872,-79.35673672,BUENAVST,34886687,LOAD
Buena Vista,37.73222872,-79.35673672,BUENAVST,34886689,LOAD
Burlington,37.36126087,-79.96992235,BURLING2,32410763,LOAD
Burlington DP,36.57215819,-78.44491332,BURLINGT,93142,GEN
Burlington DP,36.57215819,-78.44491332,BURLINGT,93143,GEN
Burlington DP,36.57215819,-78.44491332,BURLINGT,93144,GEN
Burlington DP,36.57215819,-78.44491332,BURLINGT,93145,GEN
Burlington DP,36.57215819,-78.44491332,BURLINGT,1084390333,GEN
Burlington DP,36.57215819,-78.44491332,BURLINGT,1165479554,GEN
Burlington DP,36.57215819,-78.44491332,BURLINGT,1165479555,GEN
Burlington DP,36.57215819,-78.44491332,BURLINGT,1207060704,LOAD
Burlington DP,36.57215819,-78.44491332,BURLINGT,1207060705,LOAD
Burlington DP,36.57215819,-78.44491332,BURLINGT,1305129844,GEN
Burlington DP,36.57215819,-78.44491332,BURLINGT,1348263414,GEN
Burlington DP,36.57215819,-78.44491332,BURLINGT,1869174088,LOAD
Burlington DP,36.57215819,-78.44491332,BURLINGT,2156112855,GEN
Burton,36.90759809,-76.17297305,BURTON,34885767,LOAD
Burton,36.90759809,-76.17297305,BURTON,1218906760,LOAD
Byllesby 2,36.78448551,-80.93530349,BYLLESBY,32418335,GEN
Byllesby 2,36.78448551,-80.93530349,BYLLESBY,32418337,GEN
Byllesby 2,36.78448551,-80.93530349,BYLLESBY,32418339,GEN
Byllesby 2,36.78448551,-80.93530349,BYLLESBY,32418341,GEN
Byllesby 2,36.78448551,-80.93530349,BYLLESBY,1869178738,LOAD
Byllesby 2,36.78448551,-80.93530349,BYLLESBY,2156111012,GEN
Cambria,37.14251464,-80.41473651,CAMBRIA,1075443367,LOAD
Candlers Mountain,37.3265735,-79.15561081,CANDLERS,32410801,LOAD
Cannon Branch,38.74404775,-77.50301178,CANNONBR,2156109338,LOAD
Cannon Branch,38.74404775,-77.50301178,CANNONBR,2156114666,LOAD
Cannon Branch,38.74404775,-77.50301178,CANNONBR,2156114721,LOAD
Cannon Branch,38.74404775,-77.50301178,CANNONBR,2156114783,LOAD
Carson,37.08538825,-77.40587584,CARSON,35010339,EHV
Cartersville,37.65702131,-78.1277614,CARTERSV,34886693,LOAD
Carver,37.55573235,-77.44835885,CARVER,34885243,LOAD
Carver,37.55573235,-77.44835885,CARVER,34885245,LOAD
Carver,37.55573235,-77.44835885,CARVER,34885247,LOAD
Carver,37.55573235,-77.44835885,CARVER,34885249,LOAD
Cash's Corner,38.10383998,-78.2634541,CASHCNDP,2156114469,LOAD
Catawba,37.33191545,-80.02633098,CATAWBA,32410837,LOAD
Catawba,37.33191545,-80.02633098,CATAWBA,32410839,LOAD
Cave Spring,37.22845744,-80.00854958,CAVESPRI,32410841,LOAD
Cave Spring,37.22845744,-80.00854958,CAVESPRI,32410843,LOAD
Celanese,37.34679794,-80.76819536,CELANESE,32410849,LOAD
Celanese,37.34679794,-80.76819536,CELANESE,32410851,LOAD
Celanese,37.34679794,-80.76819536,CELANESE,32410853,LOAD
Centralia,37.37949755,-77.45344475,CENTRLIA,34885255,LOAD
Centralia,37.37949755,-77.45344475,CENTRLIA,34885257,LOAD
Centerville,37.3745952,-79.50196995,CENTRVIL,45565839,LOAD
Centerville,37.3745952,-79.50196995,CENTRVIL,45565841,LOAD
Chancellor,38.26225264,-77.58926238,CHANCELLOR,35010359,EHV
Charles City Road,37.51559168,-77.36597472,CHARLES CITY,1893549569,AGGREGATE
Charlottesville,38.04159285,-78.45782221,CHARLTSV,34886697,LOAD
Charlottesville,38.04159285,-78.45782221,CHARLTSV,34886699,LOAD
Chase City,36.8090598,-78.46555155,CHASECTY,34885261,LOAD
Chase City,36.8090598,-78.46555155,CHASECTY,2156110043,GEN
Chase City,36.8090598,-78.46555155,CHASECTY,2156112137,LOAD
Chatham,36.84947605,-79.38763529,CHATHAM4,34885265,LOAD
Chatham,36.84947605,-79.38763529,CHATHAM4,1097726418,LOAD
Chatham,36.84947605,-79.38763529,CHATHAM4,1305122390,LOAD
Chesapeake Energy Center,36.771,-76.303476,CHESAPKE,1305131304,GEN
Chesapeake Energy Center,36.771,-76.303476,CHESAPKE,1305131306,GEN
Chesapeake Energy Center,36.771,-76.303476,CHESAPKE,1356163765,GEN
Chesapeake Energy Center,36.771,-76.303476,CHESAPKE,1775828286,GEN
Chesapeake Energy Center,36.771,-76.303476,CHESAPKE,1775828287,GEN
Chesterfield,37.38180343,-77.38259826,CHESTERF,2156110110,LOAD
Chickahominy,37.4373762,-77.15852329,CHICKAHOMINY,35010341,EHV
Wallops Island,37.93421224,-75.37815417,CHINCOTE,49880,LOAD
Wallops Island,37.93421224,-75.37815417,CHINCOTE,49881,LOAD
Churchland,36.87106757,-76.37693635,CHRCHLND,34885787,LOAD
Churchland,36.87106757,-76.37693635,CHRCHLND,34885791,LOAD
Churchland,36.87106757,-76.37693635,CHRCHLND,57967571,LOAD
Churchland,36.87106757,-76.37693635,CHRCHLND,1292916186,GEN
CIA,38.95044621,-77.14816745,CIA,34886175,LOAD
CIA,38.95044621,-77.14816745,CIA,34886177,LOAD
CIA,38.95044621,-77.14816745,CIA,34886179,LOAD
CIA,38.95044621,-77.14816745,CIA,34886181,LOAD
Clarendon,38.8849596,-77.10463894,CLARENDN,2041963095,LOAD
Clarendon,38.8849596,-77.10463894,CLARENDN,2041963096,LOAD
Clark,38.90718246,-77.27127032,CLARK4,34886187,LOAD
Clark,38.90718246,-77.27127032,CLARK4,34886189,LOAD
Clark,38.90718246,-77.27127032,CLARK4,34886191,LOAD
Claypool Hill,37.04524508,-81.77546367,CLAYPOOL,32410905,LOAD
Claypool Hill,37.04524508,-81.77546367,CLAYPOOL,1348253482,LOAD
Claytor,37.07467364,-80.58412392,CLAYTOR,32418343,GEN
Claytor,37.07467364,-80.58412392,CLAYTOR,32418345,GEN
Claytor,37.07467364,-80.58412392,CLAYTOR,32418347,GEN
Claytor,37.07467364,-80.58412392,CLAYTOR,32418349,GEN
Clearbrook,37.2196944,-79.95315672,CLEARBRO,32410907,LOAD
Clifford,37.69493354,-79.01210208,CLIFFORD,2156111844,LOAD
Clifford,37.69493354,-79.01210208,CLIFFORD,2156111896,LOAD
Clifton Forge,37.81240178,-79.8241049,CLIFTNFG,34886701,LOAD
Clifton Forge,37.81240178,-79.8241049,CLIFTNFG,34886703,LOAD
Clifton Forge,37.81240178,-79.8241049,CLIFTNFG,2156109345,LOAD
Clifton,38.78120873,-77.39880676,CLIFTON,35010361,EHV
Clifton,38.78120873,-77.39880676,CLIFTON,1107290216,GEN
Bearskin,36.84785331,-79.47077898,CLIMAXDP,34885303,LOAD
Clinch River,36.93050929,-82.19803394,CLINCH RIVER 1-3,53178721,AGGREGATE
Clinchfield,36.98334816,-82.18283407,CLINCHFI,1869178795,LOAD
Clinchfield,36.98334816,-82.18283407,CLINCHFI,2156112326,LOAD
Clover,36.86621143,-78.70654368,CLOVER,34887781,GEN
Clover,36.86621143,-78.70654368,CLOVER,34887783,GEN
Clover,36.86621143,-78.70654368,CLOVER,35010343,EHV
Clover,36.86621143,-78.70654368,CLOVER,2156109765,GEN
Clover,36.86621143,-78.70654368,CLOVER,2156111770,GEN
Clover,36.86621143,-78.70654368,CLOVER,2156111847,GEN
Clover,36.86621143,-78.70654368,CLOVER,2156119116,LOAD
Clover,36.86621143,-78.70654368,CLOVER,2156119223,LOAD
Clover,36.86621143,-78.70654368,CLOVER,2156119319,LOAD
Clover,36.86621143,-78.70654368,CLOVER,2156119345,LOAD
Cloverdale 765kV,37.37447117,-79.90058706,CLOVERDALE,34509183,EHV
Cloverhill,38.719799,-77.499632,CLOVERHL,1107283217,LOAD
Cloverhill,38.719799,-77.499632,CLOVERHL,1107283218,LOAD
Cloverhill,38.719799,-77.499632,CLOVERHL,1666105591,LOAD
Cloverhill,38.719799,-77.499632,CLOVERHL,2156112396,LOAD
Cloverhill,38.719799,-77.499632,CLOVERHL,2156112403,LOAD
Colleen,37.71045345,-78.94650685,COLLEEN,1218904600,LOAD
Colleen,37.71045345,-78.94650685,COLLEEN,1218904601,LOAD
Colony,37.10745168,-76.50412403,COLONY,34885793,LOAD
Colony,37.10745168,-76.50412403,COLONY,34885795,LOAD
Colony,37.10745168,-76.50412403,COLONY,34885797,LOAD
Columbia,37.76092745,-78.17341753,COLUMBIA,32410947,LOAD
Birchwood,38.28668182,-77.23107827,COMORNDP,45565869,LOAD
Copper Ridge,36.79432976,-82.46473789,COPPERRI,32410979,LOAD
Covington,37.76931997,-79.98599993,COVINGTN,34886707,LOAD
Covington,37.76931997,-79.98599993,COVINGTN,34886709,LOAD
Craigsville,38.08285176,-79.38484134,CRAIGSVI,5021139,LOAD
Cranes Corner,38.35364279,-77.45586288,CRANESCR,34886197,LOAD
Cranes Corner,38.35364279,-77.45586288,CRANESCR,34886199,LOAD
Cranes Corner,38.35364279,-77.45586288,CRANESCR,53049069,GEN
Crewe,37.16504501,-78.13068406,CREWE,34885313,LOAD
Crittenden,36.88344273,-76.52505959,CRITTNDN,34885811,LOAD
Crozet,38.08471039,-78.69854023,CROZET,34886713,LOAD
Crozet,38.08471039,-78.69854023,CROZET,45565889,LOAD
NOVEC Country Club,38.60890217,-77.31904236,CTRYCLDP,34886209,LOAD
NOVEC Country Club,38.60890217,-77.31904236,CTRYCLDP,1388604634,LOAD
Cub-Run DP,38.87509557,-77.47041094,CUBRUNDP,34886211,LOAD
Culpeper,38.46946279,-77.9932396,CULPEPER,34886715,LOAD
Culpeper,38.46946279,-77.9932396,CULPEPER,34886717,LOAD
Cunningham,37.86864966,-78.37414532,CUNNINGHAM,35010377,EHV
Cushaw,37.59288534,-79.38044883,CUSHAW,34887977,GEN
Cushaw,37.59288534,-79.38044883,CUSHAW,1666106052,LOAD
Danieltown,36.90325194,-77.99377321,DANLTNDP,34885319,LOAD
Danville New Design Plant,36.63167603,-79.39757009,DANVILPL,93353405,LOAD
Danville New Design Plant,36.63167603,-79.39757009,DANVILPL,93353407,LOAD
Darbytown CTS,37.49903853,-77.36935751,DARBYTWN,34887787,GEN
Darbytown CTS,37.49903853,-77.36935751,DARBYTWN,34887789,GEN
Darbytown CTS,37.49903853,-77.36935751,DARBYTWN,34887791,GEN
Darbytown CTS,37.49903853,-77.36935751,DARBYTWN,34887793,GEN
Davis,36.85186452,-76.17562484,DAVIS2,1123174785,LOAD
Davis Drive,38.98971499,-77.41193244,DAVISDRV,1869181762,LOAD
Davis Drive,38.98971499,-77.41193244,DAVISDRV,2156109574,LOAD
Davis Drive,38.98971499,-77.41193244,DAVISDRV,2156119179,LOAD
Davis Drive,38.98971499,-77.41193244,DAVISDRV,2156119430,LOAD
Dayton,38.40984017,-78.92815215,DAYTON,34886725,LOAD
Dayton,38.40984017,-78.92815215,DAYTON,34886727,LOAD
Dearington,37.40926649,-79.1644203,DEARINGT,2156111804,LOAD
Dearington,37.40926649,-79.1644203,DEARINGT,2156111836,LOAD
Deep Creek,36.76429758,-76.34346028,DEEP CREEK 1-2,44160039,AGGREGATE
Dickens,36.84326457,-82.22726173,DICKENS,32411115,LOAD
Disputanta,37.1102893,-77.22521267,DISPUTNT,34885321,LOAD
Dooms,38.10703457,-78.84909718,DOOMS,35010379,EHV
Double Toll Gate,39.06134905,-78.13704877,DOUBLETO,5021155,LOAD
Double Toll Gate,39.06134905,-78.13704877,DOUBLETO,47012201,LOAD
Double Toll Gate,39.06134905,-78.13704877,DOUBLETO,1292903422,LOAD
Double Toll Gate,39.06134905,-78.13704877,DOUBLETO,1292915429,GEN
Dranesville,38.97939788,-77.36155865,DRANESVL,34886217,LOAD
Dranesville,38.97939788,-77.36155865,DRANESVL,34886219,LOAD
Dranesville,38.97939788,-77.36155865,DRANESVL,76427741,LOAD
Dryburg,36.82004704,-78.73600977,DRYBURG,34885325,LOAD
Dryburg,36.82004704,-78.73600977,DRYBURG,34885327,LOAD
Dulles,38.94537623,-77.43175955,DULLES,34886221,LOAD
Dulles,38.94537623,-77.43175955,DULLES,34886223,LOAD
Dulles,38.94537623,-77.43175955,DULLES,34886225,LOAD
Dulles,38.94537623,-77.43175955,DULLES,34886227,LOAD
Dulles,38.94537623,-77.43175955,DULLES,1218907047,LOAD
Dulles,38.94537623,-77.43175955,DULLES,2156111271,LOAD
Dumfries,38.58730618,-77.3059351,DUMFRIES,34886229,LOAD
Dumfries,38.58730618,-77.3059351,DUMFRIES,34886231,LOAD
Dunnsville,37.85277896,-76.81263913,DUNNSVIL,34885329,LOAD
Dunnsville,37.85277896,-76.81263913,DUNNSVIL,1132286178,LOAD
Dupont,37.45327138,-77.43845776,DUPONT,5021158,LOAD
Dupont,37.45327138,-77.43845776,DUPONT,5021159,LOAD
Dupont,37.45327138,-77.43845776,DUPONT,5021160,LOAD
Dupont,37.45327138,-77.43845776,DUPONT,5021161,LOAD
Dupont Waynesboro,38.0611923,-78.88086204,DUPWAYNE,34886739,LOAD
Dupont Waynesboro,38.0611923,-78.88086204,DUPWAYNE,34886741,LOAD
East Danville,36.60368389,-79.3479462,EDANVILL,2041956661,LOAD
East Danville,36.60368389,-79.3479462,EDANVILL,2156110812,LOAD
Edgemont,37.10222454,-80.46710169,EDGEMONT,32411165,LOAD
Edinburg,38.83404615,-78.5360772,EDINBUR4,34886749,LOAD
Edinburg,38.83404615,-78.5360772,EDINBUR4,34886751,LOAD
Elizabeth River Power Station,36.77374549,-76.31172605,ELIZRIV,1218906801,LOAD
Elizabeth River Power Station,36.77374549,-76.31172605,ELIZRIV,1552845076,GEN
Elizabeth River Power Station,36.77374549,-76.31172605,ELIZRIV,1552845077,GEN
Elizabeth River Power Station,36.77374549,-76.31172605,ELIZRIV,1552845078,GEN
Elk Garden,36.91476406,-81.996991,ELKGARD2,32411187,LOAD
Elk Garden,36.91476406,-81.996991,ELKGARD2,32411189,LOAD
Elk Garden,36.91476406,-81.996991,ELKGARD2,2156110813,LOAD
Pleasant Valley,38.85859386,-77.50687322,ELKLCKDP,1388604816,LOAD
Pleasant Valley,38.85859386,-77.50687322,ELKLCKDP,1388604817,LOAD
Elko,37.47725917,-77.23744483,ELKO4,74008661,LOAD
Elko,37.47725917,-77.23744483,ELKO4,1084384387,LOAD
Elko,37.47725917,-77.23744483,ELKO4,2156109183,GEN
Elk Run,38.55627275,-77.70973563,ELKRUNDP,1097726960,LOAD
Elkton D.P.,38.3530038,-78.6663132,ELKTONDP,34886755,LOAD
Elmont,37.6977958,-77.48471147,ELMONT,35010345,EHV
Emporia,36.69586061,-77.5596501,EMPORIA,34885343,LOAD
Emporia,36.69586061,-77.5596501,EMPORIA,48934201,GEN
Emporia,36.69586061,-77.5596501,EMPORIA,2156117682,LOAD
National Welders Ind,37.33964444,-77.32325939,ENON4,34885345,LOAD
National Welders Ind,37.33964444,-77.32325939,ENON4,2156115043,LOAD
National Welders Ind,37.33964444,-77.32325939,ENON4,2156115685,GEN
Enterprise,39.00222414,-77.48039052,ENTRPRIS,1183224936,LOAD
Enterprise,39.00222414,-77.48039052,ENTRPRIS,1183224937,LOAD
Enterprise,39.00222414,-77.48039052,ENTRPRIS,2156110187,LOAD
Fairfield,37.8705064,-79.30672405,FAIRFELD,34886761,LOAD
Falling Branch,37.13830302,-80.33119304,FALLINGB,32411245,LOAD
Farmville,37.31142158,-78.3930341,FARMVILL,34885349,LOAD
Farmville,37.31142158,-78.3930341,FARMVILL,34885351,LOAD
Farmville,37.31142158,-78.3930341,FARMVILL,34885353,LOAD
Farmville,37.31142158,-78.3930341,FARMVILL,1439646323,LOAD
Fentress,36.69045416,-76.19002867,FENTRESS,35010351,EHV
Ferncliff,37.93150951,-78.10540539,FERNCLIF,2041966814,LOAD
Fieldale,36.70912544,-79.93445629,FIELDALE,32411253,LOAD
Fieldale,36.70912544,-79.93445629,FIELDALE,32411259,LOAD
Fieldale,36.70912544,-79.93445629,FIELDALE,32411261,LOAD
Fieldale,36.70912544,-79.93445629,FIELDALE,32411263,LOAD
Fieldale,36.70912544,-79.93445629,FIELDALE,2156109761,GEN
Fieldale,36.70912544,-79.93445629,FIELDALE,2156109762,GEN
Fieldale,36.70912544,-79.93445629,FIELDALE,2156110447,LOAD
Fishersville,38.09569253,-78.95571892,FISHERSV,34886763,LOAD
Fishersville,38.09569253,-78.95571892,FISHERSV,34886765,LOAD
Fletchers Ridge,37.11397828,-82.06905292,FLETCHER,32411283,LOAD
Floyd,36.92592942,-80.30859177,FLOYD,32411289,LOAD
Floyd,36.92592942,-80.30859177,FLOYD,67719559,LOAD
Floyd,36.92592942,-80.30859177,FLOYD,2041956735,LOAD
Falls Church,38.88572746,-77.15769712,FLSCHURC,34886237,LOAD
Falls Church,38.88572746,-77.15769712,FLSCHURC,34886239,LOAD
Fluvanna P.S.,37.86735761,-78.37942772,FLUVANNA,34887979,GEN
Fluvanna P.S.,37.86735761,-78.37942772,FLUVANNA,34887981,GEN
Fluvanna P.S.,37.86735761,-78.37942772,FLUVANNA,34887983,GEN
Fluvanna P.S.,37.86735761,-78.37942772,FLUVANNA,34887985,GEN
Fluvanna P.S.,37.86735761,-78.37942772,FLUVANNA,35010381,EHV
Forest,37.36345077,-79.29310555,FOREST2,32411301,LOAD
Forest,37.36345077,-79.29310555,FOREST2,61482241,LOAD
Four Rivers,37.82178788,-77.44353517,FOURRIVR,34885359,LOAD
Four Rivers,37.82178788,-77.44353517,FOURRIVR,71856749,GEN
Four Rivers,37.82178788,-77.44353517,FOURRIVR,71856751,GEN
Four Rivers,37.82178788,-77.44353517,FOURRIVR,71856753,GEN
Four Rivers,37.82178788,-77.44353517,FOURRIVR,71856755,GEN
Four Rivers,37.82178788,-77.44353517,FOURRIVR,71856757,GEN
Four Rivers,37.82178788,-77.44353517,FOURRIVR,71856759,GEN
Four Rivers,37.82178788,-77.44353517,FOURRIVR,71856761,GEN
Franconia,38.73904943,-77.19379111,FRANCONA,34886241,LOAD
Franconia,38.73904943,-77.19379111,FRANCONA,34886243,LOAD
Franklin,36.9834625,-79.91829925,FRANKLIN,1123179265,GEN
Franklin,36.9834625,-79.91829925,FRANKLIN,1183231801,GEN
Franklin,36.9834625,-79.91829925,FRANKLIN,1305117388,LOAD
Franklin,36.9834625,-79.91829925,FRANKLIN,1305130206,GEN
Franklin,36.9834625,-79.91829925,FRANKLIN,2156110603,GEN
Franklin,36.9834625,-79.91829925,FRANKLIN,2156117325,GEN
Franklin,36.9834625,-79.91829925,FRANKLIN,2156117983,LOAD
Franklin,36.9834625,-79.91829925,FRANKLIN,2156118116,LOAD
Franklin,36.9834625,-79.91829925,FRANKLIN,2156118131,LOAD
Franklin,36.9834625,-79.91829925,FRANKLIN,2156118162,LOAD
Fredericksburg,38.30442241,-77.48324483,FRDRKSBG,34886245,LOAD
Fredericksburg,38.30442241,-77.48324483,FRDRKSBG,34886247,LOAD
Fredericksburg,38.30442241,-77.48324483,FRDRKSBG,34886249,LOAD
Fredericksburg,38.30442241,-77.48324483,FRDRKSBG,34886251,LOAD
Freeman DP,36.76420328,-77.70108816,FREEMAN,2041966764,LOAD
Freemont,37.1298211,-82.39644841,FREMONT,32411325,LOAD
Fries,36.71525958,-80.98805527,FRIES,32411329,LOAD
Fries,36.71525958,-80.98805527,FRIES,32411331,LOAD
Fries,36.71525958,-80.98805527,FRIES,2156109441,GEN
Front Royal,38.96852935,-78.17746336,FRONT ROYAL,1107333036,EHV
Fort Eustis,37.16228569,-76.54619558,FTEUSTIS,34885841,LOAD
Fort Eustis,37.16228569,-76.54619558,FTEUSTIS,34885843,LOAD
Fort Eustis,37.16228569,-76.54619558,FTEUSTIS,2156111795,LOAD
Fork Pickett,37.12094649,-77.93804953,FTPICKET,34885363,LOAD
Fork Pickett,37.12094649,-77.93804953,FTPICKET,34885365,LOAD
Fork Pickett,37.12094649,-77.93804953,FTPICKET,1666104976,LOAD
Fuller Road,38.50080254,-77.36493535,FULLERRD,1067162354,LOAD
Gainesville,38.79084529,-77.56517207,GAINESVL,34886253,LOAD
Gainesville,38.79084529,-77.56517207,GAINESVL,34886255,LOAD
Gainesville,38.79084529,-77.56517207,GAINESVL,51519931,LOAD
Gallows Road,38.85442877,-77.21914412,GALLWSRD,34886257,LOAD
Gallows Road,38.85442877,-77.21914412,GALLWSRD,34886259,LOAD
Garden Creek,37.20653433,-82.00870517,GARDEN CREEK 1-2,35102823,AGGREGATE
Garner DP,37.89372551,-76.50641924,GARNERDP,34885367,LOAD
Garrisonville,38.45567963,-77.48973414,GARRISON,67719561,LOAD
George Street,37.32730768,-79.18306746,GEORGEST,1369000716,LOAD
Glasgow,37.62484234,-79.48069516,GLASGOW,5021036,LOAD
Glasgow,37.62484234,-79.48069516,GLASGOW,5021037,LOAD
Glen Carlyn,38.86952651,-77.12929085,GLCARLYN,34886261,LOAD
Glen Carlyn,38.86952651,-77.12929085,GLCARLYN,34886263,LOAD
Glen Carlyn,38.86952651,-77.12929085,GLCARLYN,34886265,LOAD
Glebe,38.84164768,-77.05461594,GLEBE,34886267,LOAD
Glebe,38.84164768,-77.05461594,GLEBE,34886269,LOAD
Glen Lyn,37.36974301,-80.86129938,GLENLYN,32411389,LOAD
Glen Lyn,37.36974301,-80.86129938,GLENLYN,32411391,LOAD
Gomingo,37.42663253,-79.08461772,GOMINGO,32411403,LOAD
Goose Creek,39.07550887,-77.53146441,GOOSECRE,1356178195,EHV
Gordonsville Energy LP,38.12406512,-78.20421808,GORDONSV,34886771,LOAD
Gordonsville Energy LP,38.12406512,-78.20421808,GORDONSV,38367919,LOAD
Gordonsville Energy LP,38.12406512,-78.20421808,GORDONSV,38367921,LOAD
Gore,39.27620298,-78.36464218,GORE APS,5021243,LOAD
Gore,39.27620298,-78.36464218,GORE APS,5021244,LOAD
Goshen,37.96834452,-79.5092247,GOSHEN,48907,LOAD
Goshen,37.96834452,-79.5092247,GOSHEN,48908,LOAD
Goshen,37.96834452,-79.5092247,GOSHEN,74008591,LOAD
Gosport,36.79482702,-76.31207238,GOSPORT,34885845,LOAD
Gosport,36.79482702,-76.31207238,GOSPORT,34885847,LOAD
Grafton,37.14913923,-76.4984995,GRAFTON,5021246,LOAD
Grafton,37.14913923,-76.4984995,GRAFTON,5021247,LOAD
Kean Mtn and Grassy Creek,37.17466483,-81.92254075,GRASSYCR,32411421,LOAD
Graves Mill,37.39562631,-79.23619671,GRAVESMI,32411425,LOAD
Graves Mill,37.39562631,-79.23619671,GRAVESMI,32411427,LOAD
Green Run,36.79792287,-76.10728467,GREENRUN,34885853,LOAD
Green Run,36.79792287,-76.10728467,GREENRUN,34885855,LOAD
Greenway,39.00405042,-77.47959763,GREENWAY,41935445,LOAD
Greenway,39.00405042,-77.47959763,GREENWAY,57967577,LOAD
Greenway,39.00405042,-77.47959763,GREENWAY,83734357,LOAD
Greenway,39.00405042,-77.47959763,GREENWAY,1218907076,LOAD
Greenwich,36.84176562,-76.17497997,GREENWCH,34885857,LOAD
Greenwood,39.15236609,-78.13148503,GREENWOO,5021255,LOAD
Greenwood,39.15236609,-78.13148503,GREENWOO,5021256,LOAD
Greenwood,39.15236609,-78.13148503,GREENWOO,31020629,LOAD
Greenwood,39.15236609,-78.13148503,GREENWOO,83734407,GEN
Mt Airy,36.93689888,-79.36244031,GRETNA,34885377,LOAD
Mt Airy,36.93689888,-79.36244031,GRETNA,2156115610,LOAD
Otter River,37.05422683,-79.25305614,GRITDP,34885381,LOAD
Grottoes,38.26606908,-78.81281928,GROTTOES,34886779,LOAD
Grottoes,38.26606908,-78.81281928,GROTTOES,2156113357,LOAD
Grundy,37.30119801,-82.12463263,GRUNDY,1218905978,LOAD
Grundy,37.30119801,-82.12463263,GRUNDY,1218905979,LOAD
Gum Springs,38.74867082,-77.08931275,GUMSPRNG,34886275,LOAD
Gum Springs,38.74867082,-77.08931275,GUMSPRNG,34886277,LOAD
Hales Branch,37.26051801,-81.94308053,HALESBRA,1218904892,LOAD
Hales Branch,37.26051801,-81.94308053,HALESBRA,1218904893,LOAD
Hamilton,39.14640845,-77.68039988,HAMILTON,49434,LOAD
Hamilton,39.14640845,-77.68039988,HAMILTON,49435,LOAD
Hamilton,39.14640845,-77.68039988,HAMILTON,50738,GEN
Hancock,37.26744642,-80.02305441,HANCOCK,32411469,LOAD
Hancock,37.26744642,-80.02305441,HANCOCK,32411471,LOAD
Hancock,37.26744642,-80.02305441,HANCOCK,32411473,LOAD
Hancock,37.26744642,-80.02305441,HANCOCK,32411475,LOAD
Hancock,37.26744642,-80.02305441,HANCOCK,32411477,LOAD
Hancock,37.26744642,-80.02305441,HANCOCK,45565849,LOAD
Hancock,37.26744642,-80.02305441,HANCOCK,2156110814,LOAD
Hancock,37.26744642,-80.02305441,HANCOCK,2156115083,LOAD
Hanover,37.74069535,-77.46271479,HANOVER,1047929,LOAD
Hanover,37.74069535,-77.46271479,HANOVER,1047930,LOAD
Hans Meadow,37.15259022,-80.41152767,HANSMEAD,2156113434,LOAD
Hansonville,36.84781902,-82.12132495,HANSONVL,38367847,LOAD
Harmony Village,37.58231166,-76.48478139,HARMONYV,34885393,LOAD
Harmony Village,37.58231166,-76.48478139,HARMONYV,38367909,LOAD
Harmony Village,37.58231166,-76.48478139,HARMONYV,2041990327,GEN
Harrisonburg,38.41132416,-78.8822805,HARRISBU,50607,GEN
Harrisonburg,38.41132416,-78.8822805,HARRISBU,50608,GEN
Harrisonburg,38.41132416,-78.8822805,HARRISBU,1107277568,LOAD
Harrisonburg,38.41132416,-78.8822805,HARRISBU,1107277569,LOAD
Harrisonburg,38.41132416,-78.8822805,HARRISBU,1183219021,LOAD
Harrisonburg,38.41132416,-78.8822805,HARRISBU,1183219022,LOAD
Harrisonburg,38.41132416,-78.8822805,HARRISBU,1183219023,LOAD
Harrisonburg,38.41132416,-78.8822805,HARRISBU,1183219024,LOAD
Harrisonburg,38.41132416,-78.8822805,HARRISBU,1183219025,LOAD
Harrison,38.81146883,-77.45130042,HARRISON,5022437,EHV
Harrison,38.81146883,-77.45130042,HARRISON,40243517,LOAD
Harvell,37.25649655,-77.37203088,HARVELL,34885395,LOAD
Harvell,37.25649655,-77.37203088,HARVELL,34885397,LOAD
Harrowgate,37.29185054,-77.41912399,HARWGATE,34885399,LOAD
Harrowgate,37.29185054,-77.41912399,HARWGATE,34885401,LOAD
Harrowgate,37.29185054,-77.41912399,HARWGATE,34885403,LOAD
Hayes,37.27920313,-76.49480811,HAYES,34885405,LOAD
Hayes,37.27920313,-76.49480811,HAYES,34885407,LOAD
Hayfield,38.7631148,-77.15040432,HAYFIEL4,34886281,LOAD
Hayfield,38.7631148,-77.15040432,HAYFIEL4,34886283,LOAD
Haysi,37.20857863,-82.30075678,HAYSI,1218905980,LOAD
Haysi,37.20857863,-82.30075678,HAYSI,1218905981,LOAD
HCF,37.29786666,-77.2729608,HCF,76427811,GEN
HCF,37.29786666,-77.2729608,HCF,76427813,GEN
HCF,37.29786666,-77.2729608,HCF,76427815,GEN
HCF,37.29786666,-77.2729608,HCF,76427817,GEN
Hemdon,38.96607667,-77.37907567,HERNDNPK,34886285,LOAD
Hemdon,38.96607667,-77.37907567,HERNDNPK,1183224822,LOAD
Hickory,36.64364792,-76.23691794,HICKORY,34885869,LOAD
Hickory,36.64364792,-76.23691794,HICKORY,1369002657,LOAD
Hill,36.72236029,-82.63475531,HILL,44460761,LOAD
Hill,36.72236029,-82.63475531,HILL,44460763,LOAD
Hollymeade,38.12733997,-78.43377319,HOLLYMD,34886791,LOAD
Hopewell,37.29006049,-77.28266628,HOPEWELL,1084385301,LOAD
Huffman,36.77730114,-80.71930201,HUFFMAN,32411603,LOAD
Huffman,36.77730114,-80.71930201,HUFFMAN,32411605,LOAD
Hull Street Road,37.44443045,-77.57657806,HULLSTR,34885421,LOAD
Hull Street Road,37.44443045,-77.57657806,HULLSTR,34885423,LOAD
Hull Street Road,37.44443045,-77.57657806,HULLSTR,34885425,LOAD
Hunter,38.94811967,-77.32836393,HUNTER,34886287,LOAD
Hunter,38.94811967,-77.32836393,HUNTER,34886289,LOAD
Bennington,37.30857259,-79.93011714,HUNTINCT,32411615,LOAD
Bennington,37.30857259,-79.93011714,HUNTINCT,1084383072,LOAD
Idylwood,38.88564244,-77.20960835,IDYLWOO4,123900989,LOAD
Idylwood,38.88564244,-77.20960835,IDYLWOO4,135389827,GEN
Idylwood,38.88564244,-77.20960835,IDYLWOO4,1379258867,LOAD
Idylwood,38.88564244,-77.20960835,IDYLWOO4,1379258868,LOAD
Independent Hill D.P.,38.63250082,-77.46074687,INDEPHIL,34886295,LOAD
Industrial Park,36.86389966,-76.24852728,INDUSTPK,34885881,LOAD
Industrial Park,36.86389966,-76.24852728,INDUSTPK,34885883,LOAD
Industrial Park,36.86389966,-76.24852728,INDUSTPK,34885885,LOAD
Industrial Park,36.86389966,-76.24852728,INDUSTPK,112586035,LOAD
Ingersoll Rand,37.34452674,-79.92031606,INGERSOL,1165472109,LOAD
Ingles St,37.11704384,-80.59313942,INGLESST,32411677,LOAD
Iron Bridge,37.40862166,-77.50466853,IRONBRI4,34885431,LOAD
Iron Bridge,37.40862166,-77.50466853,IRONBRI4,34885433,LOAD
Iron Bridge,37.40862166,-77.50466853,IRONBRI4,34885435,LOAD
Iron Bridge,37.40862166,-77.50466853,IRONBRI4,36181301,GEN
Ivy Hill,37.42575301,-79.29093033,IVYHILL,32411691,LOAD
Jacksons Ferry,36.8791622,-80.82317025,JACKSONS FERRY,34509195,EHV
Jarratt,36.82027337,-77.48376492,JARRATT,34885441,LOAD
Jarratt,36.82027337,-77.48376492,JARRATT,34885443,LOAD
Jarratt,36.82027337,-77.48376492,JARRATT,34885445,LOAD
Jarratt,36.82027337,-77.48376492,JARRATT,34885447,LOAD
Jefferson Street,38.797078,-77.05484794,JEFFERSON,34509197,EHV
Jetersville,37.28060252,-78.11164197,JETERSVL,34885449,LOAD
Jetersville,37.28060252,-78.11164197,JETERSVL,36181303,GEN
Jetersville,37.28060252,-78.11164197,JETERSVL,36181305,GEN
Jewell Ridge,37.19242587,-81.7830456,JEWELRDG,1218905982,LOAD
Jewell Ridge,37.19242587,-81.7830456,JEWELRDG,1218905983,LOAD
Johnson DP,38.83203344,-77.46574692,JOHNSNDP,34886305,LOAD
Evington,37.24017236,-79.30200924,JOHNSONM,32411713,LOAD
Joshua Falls,37.42539439,-79.03621227,JOSHUA FALLS,34509199,EHV
Kings Dominion,37.84628421,-77.44170624,KDOMINDP,34885453,LOAD
Kings Dominion,37.84628421,-77.44170624,KDOMINDP,1379258356,LOAD
Keene Mill,38.77393307,-77.26349495,KEENMILL,34886307,LOAD
Keene Mill,38.77393307,-77.26349495,KEENMILL,34886309,LOAD
Kenbridge,36.9596282,-78.13172368,KENBRIDG,34885455,LOAD
Cherrydale Solar Power Facility,37.365716,-75.916007,KENDLGRV,1369011540,GEN
Kevlar,37.45005506,-77.43748999,KEVLAR,34885459,LOAD
Kevlar,37.45005506,-77.43748999,KEVLAR,34885461,LOAD
Kidds Store,37.79953752,-78.36834662,KIDDSTDP,34886799,LOAD
Kidds Store,37.79953752,-78.36834662,KIDDSTDP,2156118462,LOAD
Kimballton,37.35329063,-80.66672838,KIMBALLT,32411753,LOAD
Kimballton,37.35329063,-80.66672838,KIMBALLT,32411755,LOAD
Kings Fork,36.7843036,-76.60233969,KINGSFRK,34885887,LOAD
Kings Fork,36.7843036,-76.60233969,KINGSFRK,34885891,LOAD
Kings Fork,36.7843036,-76.60233969,KINGSFRK,1123172529,LOAD
Kings Fork,36.7843036,-76.60233969,KINGSFRK,1775828308,GEN
King's Mill,37.23368811,-76.63094246,KINGSMIL,34885893,LOAD
King's Mill,37.23368811,-76.63094246,KINGSMIL,34885895,LOAD
Meadow Brook,39.05412251,-78.25515661,KLINESMI,5021322,LOAD
Kumis,37.23690882,-80.17753991,KUMIS,32411769,LOAD
Ladysmith Ct,38.06684721,-77.51758861,LADYSMCT,34886311,LOAD
Ladysmith Ct,38.06684721,-77.51758861,LADYSMCT,34887871,GEN
Ladysmith Ct,38.06684721,-77.51758861,LADYSMCT,34887873,GEN
Ladysmith Ct,38.06684721,-77.51758861,LADYSMCT,63381285,LOAD
Ladysmith Ct,38.06684721,-77.51758861,LADYSMCT,63381383,GEN
Ladysmith Ct,38.06684721,-77.51758861,LADYSMCT,63381385,GEN
Ladysmith Ct,38.06684721,-77.51758861,LADYSMCT,74008743,GEN
Ladysmith,38.04665279,-77.55027637,LADYSMITH,35010363,EHV
Lake of The Woods DP,38.313533,-77.78125429,LAKEOFWD,34886801,LOAD
Lake of The Woods DP,38.313533,-77.78125429,LAKEOFWD,34886803,LOAD
Lakeside,37.61688513,-77.46011624,LAKESID4,34885471,LOAD
Lakeside,37.61688513,-77.46011624,LAKESID4,34885473,LOAD
Lakeside,37.61688513,-77.46011624,LAKESID4,34885475,LOAD
Lakeside,37.61688513,-77.46011624,LAKESID4,34885477,LOAD
Lakeridge,38.69243138,-77.29486849,LAKRIDGE,34886313,LOAD
Lakeridge,38.69243138,-77.29486849,LAKRIDGE,34886315,LOAD
Landstown,36.77130203,-76.0921628,LANDSTWN,34885897,LOAD
Landstown,36.77130203,-76.0921628,LANDSTWN,74008665,LOAD
Landstown,36.77130203,-76.0921628,LANDSTWN,1318144917,GEN
Landstown,36.77130203,-76.0921628,LANDSTWN,1775828311,GEN
Landstown,36.77130203,-76.0921628,LANDSTWN,1775828312,GEN
Lane,37.21014027,-80.4200647,LANE,2156113254,LOAD
Lane,37.21014027,-80.4200647,LANE,2156113327,LOAD
Lane,37.21014027,-80.4200647,LANE,2156113344,LOAD
Lane,37.21014027,-80.4200647,LANE,2156113435,LOAD
Lanexa,37.42016694,-76.91198959,LANEXA,34885899,LOAD
Lawrenceville,36.74967218,-77.84646653,LAWRENCE,205502,LOAD
Lawrenceville,36.74967218,-77.84646653,LAWRENCE,205503,LOAD
Lawrenceville,36.74967218,-77.84646653,LAWRENCE,1318143459,GEN
Lawrenceville,36.74967218,-77.84646653,LAWRENCE,1338430006,GEN
Lawrenceville,36.74967218,-77.84646653,LAWRENCE,1552843227,GEN
Lawrenceville,36.74967218,-77.84646653,LAWRENCE,1552843228,GEN
Lebanon,36.92264493,-82.07051379,LEBANON,32411807,LOAD
Leesville,37.09398001,-79.40332373,LEESVILL,32418441,GEN
Leesville,37.09398001,-79.40332373,LEESVILL,32418443,GEN
Lexington,37.86765103,-79.42041902,LEXINGTON,35010383,EHV
Lightfoot,37.32823051,-76.75710981,LGHTFOOT,34885905,LOAD
Lightfoot,37.32823051,-76.75710981,LGHTFOOT,34885907,LOAD
Lightfoot,37.32823051,-76.75710981,LGHTFOOT,112586037,LOAD
Lightfoot,37.32823051,-76.75710981,LGHTFOOT,2156112235,GEN
Lightfoot,37.32823051,-76.75710981,LGHTFOOT,2156113068,GEN
Liberty,38.77464047,-77.53375099,LIBERTY,5133673,AGGREGATE
Liberty,38.77464047,-77.53375099,LIBERTY,40243581,LOAD
Liberty,38.77464047,-77.53375099,LIBERTY,40243583,LOAD
Lake Forest,37.37838469,-79.84733838,LKFOREST,1067161163,LOAD
Lockhart,37.15385841,-82.42560196,LOCKHART,112586009,LOAD
Locks,37.22197699,-77.44356458,LOCKS,34885489,LOAD
Locks,37.22197699,-77.44356458,LOCKS,34885491,LOAD
Locks,37.22197699,-77.44356458,LOCKS,34885493,LOAD
Locks,37.22197699,-77.44356458,LOCKS,1268563568,LOAD
London Bridge,36.77195611,-76.01968104,LONDNBRG,34885909,LOAD
Lonesome Pine,37.23666153,-81.31395374,LONESOME,32411847,LOAD
Looney Creek,37.31553478,-82.09443031,LOONEYCR,1218905133,LOAD
Loudon,38.89413189,-77.56454703,LOUDOUN,35010365,EHV
Louisa Generation Facility,38.1174189,-78.21546139,LOUISA,34886807,LOAD
Louisa Generation Facility,38.1174189,-78.21546139,LOUISA,2156115895,GEN
Lovettsville,39.2954316,-77.63267947,LOVETTSV,38367913,LOAD
Lovettsville,39.2954316,-77.63267947,LOVETTSV,1183224844,LOAD
Lowmoor,37.77652852,-79.89199139,LOWMOOR,34887993,GEN
Lowmoor,37.77652852,-79.89199139,LOWMOOR,40243767,GEN
Lowmoor,37.77652852,-79.89199139,LOWMOOR,40243769,GEN
Lowmoor,37.77652852,-79.89199139,LOWMOOR,40243771,GEN
Lowmoor,37.77652852,-79.89199139,LOWMOOR,40243773,GEN
Lynnhaven,36.83837513,-76.07525627,LYNNHAVN,34885917,LOAD
Lynnhaven,36.83837513,-76.07525627,LYNNHAVN,34885919,LOAD
Lynnhaven,36.83837513,-76.07525627,LYNNHAVN,1356163780,GEN
Lynnhaven,36.83837513,-76.07525627,LYNNHAVN,1775828314,GEN
Lynnhaven,36.83837513,-76.07525627,LYNNHAVN,1775828315,GEN
Magruder,37.05799066,-76.40107992,MAGRUDER,34885921,LOAD
Magruder,37.05799066,-76.40107992,MAGRUDER,34885923,LOAD
Magruder,37.05799066,-76.40107992,MAGRUDER,34885925,LOAD
Manchester,37.49546269,-77.43218906,MANCHSTR,34885497,LOAD
Manchester,37.49546269,-77.43218906,MANCHSTR,34885499,LOAD
Marlboro,37.47400671,-77.43489524,MARLBORO,34885505,LOAD
Marlboro,37.47400671,-77.43489524,MARLBORO,34885507,LOAD
Marsh Run Ct,38.52789851,-77.7696135,MARSHRUN,34887875,GEN
Marsh Run Ct,38.52789851,-77.7696135,MARSHRUN,34887877,GEN
Marsh Run Ct,38.52789851,-77.7696135,MARSHRUN,34887879,GEN
Marsh Run Ct,38.52789851,-77.7696135,MARSHRUN,98369961,LOAD
Marsh Run Ct,38.52789851,-77.7696135,MARSHRUN,98369963,LOAD
Dow,37.20268562,-76.60514216,MARTNHND,34885927,LOAD
Marvin,37.1708581,-81.97478255,MARVIN,2156116031,LOAD
McLaughlin,36.87418604,-76.29850469,MCLAUGH,34885929,LOAD
McLaughlin,36.87418604,-76.29850469,MCLAUGH,74008667,LOAD
Meadow Brook,39.05806093,-78.25340577,MEADOWBR,1183232223,GEN
Merrimac,37.19254473,-80.41881611,MERRIMAC,2156113192,LOAD
Middleburg,38.95924315,-77.72156119,MIDDLEBG,34886323,LOAD
Middleburg,38.95924315,-77.72156119,MIDDLEBG,34886325,LOAD
Middleburg,38.95924315,-77.72156119,MIDDLEBG,51519933,LOAD
Midlothian,37.50258352,-77.70405173,MIDLOTHIAN,35010347,EHV
Midway,37.17076573,-80.42270364,MIDWAYAP,2156113305,LOAD
Midway,37.17076573,-80.42270364,MIDWAYAP,2156113479,LOAD
Midway,38.02658212,-78.70715991,MIDWAYDP,34886819,LOAD
Mine Road,38.2502859,-77.47591398,MINEROAD,34886327,LOAD
Mine Road,38.2502859,-77.47591398,MINEROAD,34886329,LOAD
Lindendale D.P. (Minnieville),38.65266973,-77.3483491,MINVILDP,34886331,LOAD
Oak Green,38.36749298,-77.99374172,MITCHLDP,34886821,LOAD
Monel,37.45648548,-79.12426127,MONEL,32412009,LOAD
Moneta,37.19526388,-79.61744947,MONETA,32412011,LOAD
Huntington Court,37.31602459,-79.92794802,MONTEREY,1165472108,LOAD
Moore,38.76755396,-77.37500478,MOOREDP,34886333,LOAD
Morrisville,38.50108792,-77.70878874,MORRISVILLE,35010367,EHV
Mosby,38.8949686,-77.56820306,MOSBY,1207074967,GEN
Mosby,38.8949686,-77.56820306,MOSBY,1207074968,GEN
Mosby,38.8949686,-77.56820306,MOSBY,1248993375,GEN
Mosby,38.8949686,-77.56820306,MOSBY,1248993376,GEN
Mosby,38.8949686,-77.56820306,MOSBY,1248993377,GEN
Mosby,38.8949686,-77.56820306,MOSBY,1248993378,GEN
Mosby,38.8949686,-77.56820306,MOSBY,1356178181,EHV
Moseley,37.35232939,-79.56578353,MOSELEY,32412031,LOAD
Moseley,37.35232939,-79.56578353,MOSELEY,45565859,LOAD
Moseley,37.35232939,-79.56578353,MOSELEY,45565861,LOAD
Mount View,37.25929655,-80.4455485,MOUNTVIE,2156113339,LOAD
Mount Jackson,38.72436542,-78.6617298,MTJACKS4,34886825,LOAD
Mount Jackson,38.72436542,-78.6617298,MTJACKS4,34886827,LOAD
Mount Jackson,38.72436542,-78.6617298,MTJACKS4,2156111024,GEN
Mountain Run,38.46291035,-77.97397651,MTN RUN,71856523,LOAD
Mountain Run,38.46291035,-77.97397651,MTN RUN,71856525,LOAD
Mountain Run,38.46291035,-77.97397651,MTN RUN,71856527,LOAD
Mountain Road,37.67043029,-77.52191006,MTNROAD,34885525,LOAD
Mountain Road,37.67043029,-77.52191006,MTNROAD,34885527,LOAD
Mountain Road,37.67043029,-77.52191006,MTNROAD,98370469,GEN
Mt. Union,37.46008211,-80.01517844,MTUNION,2155501899,LOAD
Mt. Union,37.46008211,-80.01517844,MTUNION,2155501900,LOAD
Mt. Union,37.46008211,-80.01517844,MTUNION,2155501901,LOAD
Myrtle,36.77130021,-76.6966516,MYRTLE,34885933,LOAD
Nasa,37.09336742,-76.38503463,NASA,98370183,LOAD
Nasa,37.09336742,-76.38503463,NASA,98370185,LOAD
Allied,37.33836845,-77.29775811,NATWELDR,34885541,LOAD
North Blacksburg,37.27708188,-80.38097126,NBLACKSB,32412079,LOAD
North Doswell,37.88319273,-77.46122386,NDOSWLDP,34885545,LOAD
Commonwealth Chesapeake,37.98867001,-75.53967558,NEWCHURC,93150,GEN
Commonwealth Chesapeake,37.98867001,-75.53967558,NEWCHURC,93151,GEN
Commonwealth Chesapeake,37.98867001,-75.53967558,NEWCHURC,93152,GEN
Commonwealth Chesapeake,37.98867001,-75.53967558,NEWCHURC,1048078,GEN
Commonwealth Chesapeake,37.98867001,-75.53967558,NEWCHURC,1048079,GEN
Commonwealth Chesapeake,37.98867001,-75.53967558,NEWCHURC,1048080,GEN
Commonwealth Chesapeake,37.98867001,-75.53967558,NEWCHURC,1048081,GEN
Commonwealth Chesapeake,37.98867001,-75.53967558,NEWCHURC,2156118408,LOAD
Commonwealth Chesapeake,37.98867001,-75.53967558,NEWCHURC,2156118581,LOAD
New London,37.32910871,-79.30879958,NEWLONDO,32412117,LOAD
New Road,38.93391329,-77.62540895,NEWROAD,1123172330,LOAD
Ni River DP,38.24325646,-77.58614837,NIRIVER,34886845,LOAD
NIVO,39.02340639,-77.46050049,NIVO,93353461,LOAD
NIVO,39.02340639,-77.46050049,NIVO,93353463,LOAD
NIVO,39.02340639,-77.46050049,NIVO,1207066638,LOAD
NIVO,39.02340639,-77.46050049,NIVO,2156119470,LOAD
North Anna,38.06129172,-77.79721628,NORTH ANNA,35010349,EHV
Northeast,37.55070134,-77.3623233,NORTHEAS,63381219,LOAD
Northeast,37.55070134,-77.3623233,NORTHEAS,63381221,LOAD
North Pole,37.6362189,-77.79385635,NPOLE,34885555,LOAD
North Pole,37.6362189,-77.79385635,NPOLE,1268563614,LOAD
North River D.P.,38.34759674,-78.89656327,NRIVERDP,34886847,LOAD
North Alexandria,38.82052447,-77.05197835,NRTHALEX,2156113293,LOAD
Northern Neck,37.94847795,-76.71203979,NRTHNECK,34885559,LOAD
Northern Neck,37.94847795,-76.71203979,NRTHNECK,34885561,LOAD
Northern Neck,37.94847795,-76.71203979,NRTHNECK,40243747,GEN
Northern Neck,37.94847795,-76.71203979,NRTHNECK,40243749,GEN
Northern Neck,37.94847795,-76.71203979,NRTHNECK,40243751,GEN
Northern Neck,37.94847795,-76.71203979,NRTHNECK,40243753,GEN
Northern Neck,37.94847795,-76.71203979,NRTHNECK,2156109184,GEN
Northern Neck,37.94847795,-76.71203979,NRTHNECK,2156109766,GEN
Northern Neck,37.94847795,-76.71203979,NRTHNECK,2156109767,GEN
Northern Neck,37.94847795,-76.71203979,NRTHNECK,2156109768,GEN
North Shenandoah,38.52692713,-78.620324,NSHE APS,5021428,LOAD
North Shenandoah,38.52692713,-78.620324,NSHE APS,5021429,LOAD
Northwest,37.63046819,-77.54155697,NWEST,34885569,LOAD
Northwest,37.63046819,-77.54155697,NWEST,34885571,LOAD
Northwest,37.63046819,-77.54155697,NWEST,34885573,LOAD
Northwest,37.63046819,-77.54155697,NWEST,93353465,LOAD
Winters Branch,38.732736,-77.507383,NWINTERS,2156115428,LOAD
Newport News,36.98655702,-76.43043748,NWPORTNW,34885941,LOAD
Newport News,36.98655702,-76.43043748,NWPORTNW,34885943,LOAD
Newport News,36.98655702,-76.43043748,NWPORTNW,34885945,LOAD
Westmoreland,38.18440517,-76.9986338,OAKGROV4,34886335,LOAD
Westmoreland,38.18440517,-76.9986338,OAKGROV4,1183224859,LOAD
Oak Hall,37.94334067,-75.57043579,OAKHALL,38367797,LOAD
Oak Hall,37.94334067,-75.57043579,OAKHALL,1318144167,GEN
Oak Level,36.82143927,-79.93027797,OAKLEVEL,32412175,LOAD
Oak Ridge,36.72468115,-76.62220275,OAKRIDGE,34885947,LOAD
Oak Ridge,36.72468115,-76.62220275,OAKRIDGE,1305122802,LOAD
Oakwood,36.90978868,-76.2373345,OAKWOOD,34885949,LOAD
Oakwood,36.90978868,-76.2373345,OAKWOOD,34885951,LOAD
Oakwood,36.90978868,-76.2373345,OAKWOOD,34885953,LOAD
Oakwood,36.90978868,-76.2373345,OAKWOOD,34885955,LOAD
Oakwood,36.90978868,-76.2373345,OAKWOOD,34885957,LOAD
Occoquan,38.71315635,-77.26906377,OCCOQUAN,34886337,LOAD
Occoquan,38.71315635,-77.26906377,OCCOQUAN,34886339,LOAD
Occoquan,38.71315635,-77.26906377,OCCOQUAN,119118225,GEN
Occoquan,38.71315635,-77.26906377,OCCOQUAN,1097733899,GEN
Covanta Fairfax Energy,38.69652368,-77.23980488,OGDENMTN,2156116099,GEN
Old Chapel,39.15975987,-78.00807123,OLDCHAPE,5021440,LOAD
Old Chapel,39.15975987,-78.00807123,OLDCHAPE,5021441,LOAD
Old Church,37.63455996,-77.25058771,OLDCHRCH,34885575,LOAD
Old Church,37.63455996,-77.25058771,OLDCHRCH,1107282865,LOAD
Old Church,37.63455996,-77.25058771,OLDCHRCH,1869195619,GEN
Old Church,37.63455996,-77.25058771,OLDCHRCH,2156111019,GEN
Old Church,37.63455996,-77.25058771,OLDCHRCH,2156111613,GEN
Omega DP,36.67050094,-78.81133379,OMEGADP,34885577,LOAD
Opossum Creek,37.3726085,-79.10762812,OPOSSUMC,2156109178,GEN
Opossum Creek,37.3726085,-79.10762812,OPOSSUMC,2156109179,GEN
Otter,37.14295548,-79.28041261,OTTER,61482253,LOAD
Altavista Power Station,37.11776583,-79.27597003,OTTERRIV,34885579,LOAD
Altavista Power Station,37.11776583,-79.27597003,OTTERRIV,34885581,LOAD
Ox,38.72378605,-77.28851676,OX,35010369,EHV
Page,38.6696023,-78.45205357,PAGE,5021451,LOAD
Page,38.6696023,-78.45205357,PAGE,5021452,LOAD
Page,38.6696023,-78.45205357,PAGE,5021453,LOAD
Page,38.6696023,-78.45205357,PAGE,2156108942,LOAD
Fieldale,36.7058555,-79.91481694,PATRIOTC,98369935,LOAD
Paytes DP,38.22622493,-77.83495515,PAYTESDP,34886853,LOAD
Paytes DP,38.22622493,-77.83495515,PAYTESDP,1388605040,LOAD
Peach Grove D.P.,38.38144379,-78.88548045,PEACHGDP,57967581,LOAD
Peak Creek,37.04844348,-80.74781265,PEAKCREE,32412231,LOAD
Peak Creek,37.04844348,-80.74781265,PEAKCREE,32412233,LOAD
Peaksview,37.38946666,-79.12208623,PEAKSVIE,1218905363,LOAD
Pearsons,37.67124566,-77.37924539,PEARSON,34885591,LOAD
Pendleton,36.79038605,-75.99842104,PENDLETN,34885959,LOAD
Pendleton,36.79038605,-75.99842104,PENDLETN,34885961,LOAD
Pendleton,36.79038605,-75.99842104,PENDLETN,2041990671,GEN
Penhook,36.97884841,-79.61653232,PENHOOK,32412239,LOAD
Peninsula,37.09145819,-76.38880985,PENINSLA,34885963,LOAD
Peninsula,37.09145819,-76.38880985,PENINSLA,34885965,LOAD
Peninsula,37.09145819,-76.38880985,PENINSLA,34885967,LOAD
Perdue Diesel Generation Facility,37.74189181,-75.65576839,PERDUE,21601652,LOAD
Permac,37.15704533,-81.9835342,PERMAC,2156115860,LOAD
Perth,37.01366302,-79.00402362,PERTH,34885593,LOAD
Perth,37.01366302,-79.00402362,PERTH,34885595,LOAD
Peters Mountain,37.37210044,-80.79814558,PETERSMO,32412245,LOAD
Philpott,36.77607146,-80.02717068,PHILPOTT,32416457,LOAD
Philpott,36.77607146,-80.02717068,PHILPOTT,34886933,GEN
Pinnacles,36.6669097,-80.4479937,PINNACLE,32412261,LOAD
Pinnacles,36.6669097,-80.4479937,PINNACLE,32412263,LOAD
Pioneer,38.754656,-77.512828,PIONEER,2156118582,LOAD
Pipeline,37.52167631,-77.4259527,PIPELINE,34885597,LOAD
Pipers Gap,36.75858586,-80.74842048,PIPERSGA,32412265,LOAD
Pipers Gap,36.75858586,-80.74842048,PIPERSGA,32412267,LOAD
Plaza,37.49803979,-77.47818438,PLAZA,34885599,LOAD
Plaza,37.49803979,-77.47818438,PLAZA,34885601,LOAD
Plaza,37.49803979,-77.47818438,PLAZA,34885603,LOAD
Pleasant View,39.07716711,-77.52943229,PLEASANT VIEW,35010371,EHV
Pleasant View,39.07590817,-77.5288222,PLEASNTV,34886347,LOAD
Pleasant View,39.07590817,-77.5288222,PLEASNTV,34886349,LOAD
Pleasant View,39.07590817,-77.5288222,PLEASNTV,41935447,LOAD
Pleasant View,39.07590817,-77.5288222,PLEASNTV,2156113998,LOAD
Pleasant Hill,36.55111147,-77.52904785,PLESNTH4,34885605,LOAD
Poages Mill,37.19948276,-80.0346502,POAGESMI,32412275,LOAD
Poe,37.19995371,-77.35909115,POE,34885607,LOAD
Poe,37.19995371,-77.35909115,POE,34885609,LOAD
Poland Road,38.91751631,-77.49173629,POLANDRD,1552832688,LOAD
Poland Road,38.91751631,-77.49173629,POLANDRD,1552832689,LOAD
Poland Road,38.91751631,-77.49173629,POLANDRD,2156110848,LOAD
Poland Road,38.91751631,-77.49173629,POLANDRD,2156110849,LOAD
Polyester PS,37.2981794,-77.28344423,POLYESTR,1305122598,LOAD
Polyester PS,37.2981794,-77.28344423,POLYESTR,1552845038,GEN
Possum Point,38.54052188,-77.27942618,POSSUMP4,34886371,LOAD
Possum Point,38.54052188,-77.27942618,POSSUMP4,34886373,LOAD
Possum Point,38.54052188,-77.27942618,POSSUMP4,34887887,GEN
Possum Point,38.54052188,-77.27942618,POSSUMP4,34887889,GEN
Possum Point,38.54052188,-77.27942618,POSSUMP4,34887891,GEN
Possum Point,38.54052188,-77.27942618,POSSUMP4,34887893,GEN
Possum Point,38.54052188,-77.27942618,POSSUMP4,34887895,GEN
Possum Point,38.54052188,-77.27942618,POSSUMP4,34887897,GEN
Possum Point,38.54052188,-77.27942618,POSSUMP4,34887899,GEN
Possum Point,38.54052188,-77.27942618,POSSUMP4,34887901,GEN
Possum Point,38.54052188,-77.27942618,POSSUMP4,40243755,GEN
Possum Point,38.54052188,-77.27942618,POSSUMP4,40243757,GEN
Possum Point,38.54052188,-77.27942618,POSSUMP4,40243759,GEN
Possum Point,38.54052188,-77.27942618,POSSUMP4,40243761,GEN
Possum Point,38.54052188,-77.27942618,POSSUMP4,40243763,GEN
Possum Point,38.54052188,-77.27942618,POSSUMP4,40243765,GEN
Possum Point,38.54052188,-77.27942618,POSSUMP4,1388604739,LOAD
Possum Point,38.54052188,-77.27942618,POSSUMP4,2156118954,LOAD
Possum Point,38.54052188,-77.27942618,POSSUMP4,2156119173,LOAD
Possum Point,38.54052188,-77.27942618,POSSUMP4,2156119191,LOAD
Possum Point,38.54052188,-77.27942618,POSSUMP4,2156119312,LOAD
Possum Point,38.54052188,-77.27942618,POSSUMP4,2156119516,LOAD
Possum Point,38.54052188,-77.27942618,POSSUMP4,2156119591,LOAD
Possum Point,38.54052188,-77.27942618,POSSUMP4,2156119598,LOAD
Prices Fork,37.22961721,-80.44460014,PRICESFO,2156113279,LOAD
Prices Fork,37.22961721,-80.44460014,PRICESFO,2156113463,LOAD
Prince William Dp,38.74964876,-77.47438746,PRINCWIL,34886375,LOAD
Proffit,38.11857582,-78.41537937,PROFITDP,34886855,LOAD
Proffit,38.11857582,-78.41537937,PROFITDP,34886857,LOAD
Progress Park,36.96108746,-81.00360188,PROGRESS,63381273,LOAD
Progress Park,36.96108746,-81.00360188,PROGRESS,65732129,LOAD
Quantico,38.51635438,-77.30371462,QUANTICO,34886377,LOAD
Quantico,38.51635438,-77.30371462,QUANTICO,34886379,LOAD
Radnor Heights,38.88597774,-77.08253236,RADNORHT,1067162492,LOAD
Railroad DP,38.77727691,-77.53570215,RAILRDDP,1318136564,LOAD
Railroad DP,38.77727691,-77.53570215,RAILRDDP,1318136565,LOAD
Ravensworth,38.79675185,-77.24370308,RAVENSWO,32412319,LOAD
Reams,37.08919504,-77.42517513,REAMSDP,34885619,LOAD
Redbud,39.21197165,-78.13499188,REDBUD,5021485,LOAD
Redbud,39.21197165,-78.13499188,REDBUD,5021486,LOAD
Redbud,39.21197165,-78.13499188,REDBUD,2156115362,GEN
Redbud,39.21197165,-78.13499188,REDBUD,2156115373,LOAD
Redbud,39.21197165,-78.13499188,REDBUD,2156115551,LOAD
Red Hill,37.96676425,-78.62678058,REDHILL,38367925,LOAD
Red Oak (AP),37.21217184,-81.75237776,REDOAKA,1048049,GEN
Red Oak (AP),37.21217184,-81.75237776,REDOAKA,1048050,GEN
Reedy Creek,36.69771299,-78.87641442,REEDYCRK,34885623,LOAD
Reeves Ave,36.84204059,-76.27318095,REEVESAV,34885977,LOAD
Reeves Ave,36.84204059,-76.27318095,REEVESAV,34885979,LOAD
Reeves Ave,36.84204059,-76.27318095,REEVESAV,34885981,LOAD
Remington,38.53964352,-77.7772197,REMINGTN,34886383,LOAD
Remington,38.53964352,-77.7772197,REMINGTN,34886385,LOAD
Remington,38.53964352,-77.7772197,REMINGTN,1388614460,GEN
Remington CT,38.543852,-77.76959512,REMNTNCT,34886387,LOAD
Remington CT,38.543852,-77.76959512,REMNTNCT,34886389,LOAD
Remington CT,38.543852,-77.76959512,REMNTNCT,34887903,GEN
Remington CT,38.543852,-77.76959512,REMNTNCT,34887905,GEN
Remington CT,38.543852,-77.76959512,REMNTNCT,34887907,GEN
Remington CT,38.543852,-77.76959512,REMNTNCT,34887909,GEN
Reston,38.95291359,-77.34561861,RESTON,34886391,LOAD
Reston,38.95291359,-77.34561861,RESTON,34886393,LOAD
Reston,38.95291359,-77.34561861,RESTON,34886395,LOAD
Reusens,37.46249542,-79.18712614,REUSENS,32412345,LOAD
Reusens,37.46249542,-79.18712614,REUSENS,32412347,LOAD
Reusens,37.46249542,-79.18712614,REUSENS,32418507,GEN
Reusens,37.46249542,-79.18712614,REUSENS,32418509,GEN
Reusens,37.46249542,-79.18712614,REUSENS,32418511,GEN
Reusens,37.46249542,-79.18712614,REUSENS,32418513,GEN
Reusens,37.46249542,-79.18712614,REUSENS,32418515,GEN
Reusens,37.46249542,-79.18712614,REUSENS,2041957372,LOAD
Reusens,37.46249542,-79.18712614,REUSENS,2156111807,LOAD
Reymet,37.38896585,-77.40747616,REYMET,34885625,LOAD
Richlands,37.09214044,-81.80664264,RICHLAND,1123171334,LOAD
Ridgeway,36.58641859,-79.8386542,RIDGEWAY,32412357,LOAD
River Road,37.5744277,-77.5751679,RIVERRD,34885627,LOAD
River Road,37.5744277,-77.5751679,RIVERRD,34885629,LOAD
River Road,37.5744277,-77.5751679,RIVERRD,34885631,LOAD
River Road,37.5744277,-77.5751679,RIVERRD,34885633,LOAD
Riverton,38.96540748,-78.17722791,RIVERTON,5021496,LOAD
Riverton,38.96540748,-78.17722791,RIVERTON,5021745,GEN
Riverton,38.96540748,-78.17722791,RIVERTON,33884119,LOAD
Riverton,38.96540748,-78.17722791,RIVERTON,57967521,LOAD
Riverville,37.5111295,-78.91198683,RIVERVIL,32412377,LOAD
Riverville,37.5111295,-78.91198683,RIVERVIL,32412379,LOAD
Riverville,37.5111295,-78.91198683,RIVERVIL,32412381,LOAD
Roanoke Electric Steel,37.27560807,-79.99904598,ROANELST,32412383,LOAD
Roanoke Electric Steel,37.27560807,-79.99904598,ROANELST,32412385,LOAD
Roanoke Electric Steel,37.27560807,-79.99904598,ROANELST,32412387,LOAD
Roanoke,37.25039131,-79.9208591,ROANOKE,32412389,LOAD
Rockcastle,37.13219084,-79.57128068,ROCKCAST,32412407,LOAD
Rockbridge,37.79844248,-79.41556716,ROCKRIDG,49283,LOAD
Rockbridge,37.79844248,-79.41556716,ROCKRIDG,49284,LOAD
Rockbridge,37.79844248,-79.41556716,ROCKRIDG,49285,LOAD
Rosslyn,38.89607909,-77.07153605,ROSLYN,34886397,LOAD
Rosslyn,38.89607909,-77.07153605,ROSLYN,34886399,LOAD
Rosslyn,38.89607909,-77.07153605,ROSLYN,34886401,LOAD
Rosslyn,38.89607909,-77.07153605,ROSLYN,34886403,LOAD
Roundtable,39.00522961,-77.46653049,ROUNDTBL,2156114335,LOAD
Roundtable,39.00522961,-77.46653049,ROUNDTBL,2156114363,LOAD
Roundtable,39.00522961,-77.46653049,ROUNDTBL,2156114453,LOAD
Roundtable,39.00522961,-77.46653049,ROUNDTBL,2156114483,LOAD
Ruritan,36.81938786,-76.25825674,RURITAN,34885983,LOAD
Rustburg,37.27718258,-79.10626852,RUSTBURG,32412459,LOAD
Saltville,36.89548797,-81.75334542,SALTVILL,32412473,LOAD
Saltville,36.89548797,-81.75334542,SALTVILL,32412475,LOAD
Saltville,36.89548797,-81.75334542,SALTVILL,2156112758,LOAD
Saltville,36.89548797,-81.75334542,SALTVILL,2156112873,LOAD
Sapony,36.94478174,-77.47668023,SAPONY,34885637,LOAD
Sapony,36.94478174,-77.47668023,SAPONY,34885639,LOAD
Sapony,36.94478174,-77.47668023,SAPONY,1388614366,GEN
Sapony,36.94478174,-77.47668023,SAPONY,2156117487,GEN
South Christiansburg,37.1192675,-80.39790868,SCHRISTI,32412515,LOAD
Scottsville,37.79546857,-78.50932864,SCOTTSVI,2156116592,LOAD
Scottsville,37.79546857,-78.50932864,SCOTTSVI,2156116595,LOAD
Seaford,37.17419781,-76.47677782,SEAFORD,34885985,LOAD
Seaford,37.17419781,-76.47677782,SEAFORD,34885987,LOAD
Septa,37.01474397,-76.73866348,SEPTA,35010353,EHV
Sewell's Point,36.93102593,-76.31858042,SEWELLPT,34885991,LOAD
Shack Mills Station,37.21348876,-81.90381736,SHACKMIL,98369939,LOAD
Southampton Power Station,36.65318665,-76.99554592,SHAMPTON,34887857,GEN
Shannon Hill,37.88256715,-78.04595556,SHANNON,32412561,LOAD
Shannon Hill,37.88256715,-78.04595556,SHANNON,1218905553,LOAD
Shannon Hill,37.88256715,-78.04595556,SHANNON,2156113109,LOAD
Shawsville,37.14759537,-80.26555339,SHAWSVIL,32412571,LOAD
Shellhorn,38.998881,-77.471994,SHELHORN,1107283104,LOAD
Shellhorn,38.998881,-77.471994,SHELHORN,1318136260,LOAD
Shellhorn,38.998881,-77.471994,SHELHORN,2156119068,LOAD
Shellhorn,38.998881,-77.471994,SHELHORN,2156119087,LOAD
Shellbank,37.02997092,-76.3670871,SHELLBNK,34885997,LOAD
Shellbank,37.02997092,-76.3670871,SHELLBNK,1084384755,LOAD
Shellbank,37.02997092,-76.3670871,SHELLBNK,1084384756,LOAD
Sherwood,38.02126164,-78.52598849,SHERWOOD,34886867,LOAD
Sherwood,38.02126164,-78.52598849,SHERWOOD,34886869,LOAD
Shockoe,37.55280144,-77.42762436,SHOCKOE,34885643,LOAD
Shockoe,37.55280144,-77.42762436,SHOCKOE,34885645,LOAD
Shockoe,37.55280144,-77.42762436,SHOCKOE,34885647,LOAD
Shockoe,37.55280144,-77.42762436,SHOCKOE,34885649,LOAD
Short Pump,37.65962425,-77.62363304,SHORTPMP,34885651,LOAD
Short Pump,37.65962425,-77.62363304,SHORTPMP,34885653,LOAD
Short Pump,37.65962425,-77.62363304,SHORTPMP,34885655,LOAD
Sideburn,38.7982307,-77.29637919,SIDEBURN,34886405,LOAD
Sideburn,38.7982307,-77.29637919,SIDEBURN,1097727061,LOAD
Sinai,36.74305068,-78.92984967,SINAI,34885657,LOAD
Sinai,36.74305068,-78.92984967,SINAI,2156114031,LOAD
Skaggs Branch,37.17674762,-82.03274296,SKEGGSBR,1218905572,LOAD
Skimmer,37.52011721,-79.35164297,SKIMMER,32412597,LOAD
Skimmer,37.52011721,-79.35164297,SKIMMER,2156116507,LOAD
Slabtown,38.22456512,-77.47377842,SLABTNDP,34886407,LOAD
Slabtown,38.22456512,-77.47377842,SLABTNDP,1379258938,LOAD
South Lynchburg,37.36193425,-79.17982079,SLYNCHBU,32412609,LOAD
South Lynchburg,37.36193425,-79.17982079,SLYNCHBU,32412611,LOAD
South Lynchburg,37.36193425,-79.17982079,SLYNCHBU,32412615,LOAD
South Lynchburg,37.36193425,-79.17982079,SLYNCHBU,32412617,LOAD
South Lynchburg,37.36193425,-79.17982079,SLYNCHBU,32412619,LOAD
Smith Mountain,37.04034538,-79.53246603,SMITH MOUNT,977712853,AGGREGATE
Smithfield,36.9597007,-76.66956785,SMITHFLD,34886007,LOAD
Smithfield,36.9597007,-76.66956785,SMITHFLD,34886009,LOAD
Smithfield,36.9597007,-76.66956785,SMITHFLD,2156114008,GEN
NOVEC Smoketown,38.64157111,-77.30230777,SMOKTNDP,34886409,LOAD
Snowden,37.57358082,-79.37089437,SNOWDENR,63381245,LOAD
Snowden,37.57358082,-79.37089437,SNOWDENR,63381247,LOAD
Snowden,37.57358082,-79.37089437,SNOWDENR,63381249,LOAD
South Boston,36.70029515,-78.91301087,SOBOSTON,34885659,LOAD
South Boston,36.70029515,-78.91301087,SOBOSTON,34885661,LOAD
South Hill,36.72624205,-78.11698543,SOUTHILL,34885663,LOAD
South Hill,36.72624205,-78.11698543,SOUTHILL,34885665,LOAD
Southwest,37.50207966,-77.5323324,SOUTHWES,5021016,LOAD
Southwest,37.50207966,-77.5323324,SOUTHWES,5021017,LOAD
Southwest,37.50207966,-77.5323324,SOUTHWES,5021018,LOAD
Southwest,37.50207966,-77.5323324,SOUTHWES,5021019,LOAD
Southwest,37.50207966,-77.5323324,SOUTHWES,1305130456,GEN
Sowego DP,38.59129348,-77.57779074,SOWEGODP,34886411,LOAD
Sperryville,38.65846951,-78.22062419,SPERRYVI,5021540,LOAD
Sperryville,38.65846951,-78.22062419,SPERRYVI,2156109546,LOAD
Spruance NUG,37.45453351,-77.429386,SPRUANCE G3G4,2156109263,AGGREGATE
Stafford,38.44610159,-77.3891976,STAFFORD,34886413,LOAD
Stafford,38.44610159,-77.3891976,STAFFORD,34886415,LOAD
Starkey,37.21172208,-79.9872354,STARKEY,32412685,LOAD
Starkey,37.21172208,-79.9872354,STARKEY,61482255,LOAD
Staunton,38.14781859,-79.06615965,STAUNTON,34886877,LOAD
Staunton,38.14781859,-79.06615965,STAUNTON,1379259225,LOAD
Stephenson,39.24490028,-78.08836906,STEPHENS,61482237,LOAD
Stephenson,39.24490028,-78.08836906,STEPHENS,61482239,LOAD
Sterling Park,38.99468114,-77.42076954,STERLING,2156109319,LOAD
Sterling Park,38.99468114,-77.42076954,STERLING,2156109320,LOAD
South Creek,37.36208653,-78.85163391,STHCREEK,34885667,LOAD
St Johns DP,38.0293359,-77.43118131,STJOHNDP,47012229,LOAD
St. Johns,38.03114507,-77.42765586,STJOHNS4,34886425,LOAD
Stockton,36.6825974,-79.7404935,STOCKTON,1552826948,LOAD
Stockton,36.6825974,-79.7404935,STOCKTON,1552826949,LOAD
Strasburg,39.00164336,-78.35871382,STRASBUR,5021550,LOAD
Strasburg,39.00164336,-78.35871382,STRASBUR,5021551,LOAD
Strasburg,39.00164336,-78.35871382,STRASBUR,38367843,LOAD
Strasburg,39.00164336,-78.35871382,STRASBUR,1379254873,LOAD
Stumpy Lake,36.77946913,-76.15755976,STUMPYLK,34886013,LOAD
Stumpy Lake,36.77946913,-76.15755976,STUMPYLK,34886015,LOAD
Suffolk,36.7103221,-76.58046887,SUFFOLK,38367911,LOAD
Suffolk,36.7103221,-76.58046887,SUFFOLK,135389821,GEN
Suffolk,36.7103221,-76.58046887,SUFFOLK,1183224660,LOAD
Suffolk,36.7103221,-76.58046887,SUFFOLK,1356178189,EHV
Suffolk,36.7103221,-76.58046887,SUFFOLK,2156112379,GEN
Suffolk,36.7103221,-76.58046887,SUFFOLK,2156112827,GEN
Sully,38.91977204,-77.42839291,SULLY,34886429,LOAD
Sully,38.91977204,-77.42839291,SULLY,34886431,LOAD
Surry,37.16202033,-76.69477726,SURRY,35010355,EHV
Swinks Mill,38.95016605,-77.19950261,SWINKMIL,34886433,LOAD
Swinks Mill,38.95016605,-77.19950261,SWINKMIL,57967579,LOAD
Tank Hill,37.00202307,-79.89815497,TANKHILL,32412799,LOAD
Tank Hill,37.00202307,-79.89815497,TANKHILL,2156110815,LOAD
Tasley,37.70603558,-75.70276562,TASLEY,50021,LOAD
Tasley,37.70603558,-75.70276562,TASLEY,50022,LOAD
Tasley,37.70603558,-75.70276562,TASLEY,50023,LOAD
Tasley,37.70603558,-75.70276562,TASLEY,50924,GEN
Tazewell,37.14809388,-81.54568417,TAZEWELL,32412803,LOAD
Tazewell,37.14809388,-81.54568417,TAZEWELL,32412805,LOAD
South Christianburg,37.12252838,-80.38395996,TECHDRIV,93353453,LOAD
Thalia,36.83951016,-76.13444539,THALIA,34886037,LOAD
Thalia,36.83951016,-76.13444539,THALIA,34886039,LOAD
Thole Street,36.90006169,-76.25806708,THOLEST,34886041,LOAD
Thornton,36.92493006,-79.92403451,THORNTON,32412829,LOAD
Thornton,36.92493006,-79.92403451,THORNTON,1207065866,LOAD
Thrasher,36.7592624,-76.24016888,THRASHER,34886051,LOAD
Thrasher,36.7592624,-76.24016888,THRASHER,34886053,LOAD
Thrasher,36.7592624,-76.24016888,THRASHER,67719585,LOAD
Timberville,38.62739254,-78.77872878,TIMBERVL,34886883,LOAD
Timberville,38.62739254,-78.77872878,TIMBERVL,1107283611,LOAD
Toano,37.3632413,-76.80487749,TOANO,34886055,LOAD
Toano,37.3632413,-76.80487749,TOANO,34886057,LOAD
Todds Tavern DP,38.2478853,-77.66591262,TODDSTVN,34886887,LOAD
Todds Tavern DP,38.2478853,-77.66591262,TODDSTVN,1388605061,LOAD
Bland,37.09728154,-81.13053873,TOWNCRK,1439644393,LOAD
Trabue,37.50726651,-77.62899297,TRABUE,32412863,LOAD
Trabue,37.50726651,-77.62899297,TRABUE,32412865,LOAD
Trabue,37.50726651,-77.62899297,TRABUE,32412867,LOAD
Trego,36.6010095,-77.63719698,TREGO,34885681,LOAD
Trego,36.6010095,-77.63719698,TREGO,2156119492,LOAD
Trices Lake,37.66297275,-78.23822108,TRICESLK,34886889,LOAD
Turner Road,37.44748273,-77.30143635,TURNER,32412877,LOAD
Turner Road,37.44748273,-77.30143635,TURNER,32412881,LOAD
Twelvth Street,37.53357342,-77.43984127,TWELFTHS,34885687,LOAD
Twelvth Street,37.53357342,-77.43984127,TWELFTHS,34885689,LOAD
Twelvth Street,37.53357342,-77.43984127,TWELFTHS,34885691,LOAD
Twelvth Street,37.53357342,-77.43984127,TWELFTHS,34885693,LOAD
Tyler,37.35109094,-77.39523909,TYLER,34885699,LOAD
Tyler,37.35109094,-77.39523909,TYLER,1075448052,LOAD
Tyler,37.35109094,-77.39523909,TYLER,2156118642,GEN
Tysons,38.93202821,-77.23689132,TYSONS,34886435,LOAD
Tysons,38.93202821,-77.23689132,TYSONS,34886437,LOAD
Tysons,38.93202821,-77.23689132,TYSONS,34886439,LOAD
Tysons,38.93202821,-77.23689132,TYSONS,34886441,LOAD
Tysons,38.93202821,-77.23689132,TYSONS,2156112264,GEN
Virginia Beach,36.84999299,-76.01704977,VABEACH,34886071,LOAD
Virginia Beach,36.84999299,-76.01704977,VABEACH,34886073,LOAD
Virginia Beach,36.84999299,-76.01704977,VABEACH,34886075,LOAD
Virginia Beach,36.84999299,-76.01704977,VABEACH,34886077,LOAD
Valley,38.3143416,-78.97081062,VALLEY,35010387,EHV
Van Dorn,38.79499351,-77.14928538,VANDORN,34886445,LOAD
Van Dorn,38.79499351,-77.14928538,VANDORN,34886447,LOAD
Verona,38.18989681,-78.98580918,VERONA,34886895,LOAD
Verona,38.18989681,-78.98580918,VERONA,34886897,LOAD
Vicker,37.16524664,-80.44405861,VICKER,32412919,LOAD
Vinton,37.26829925,-79.86295506,VINTON,32412927,LOAD
Vinton,37.26829925,-79.86295506,VINTON,32412929,LOAD
Kerr Dam,36.60085533,-78.30124511,VP KERR DAM 1-7,41161061,AGGREGATE
Wakefield,36.89790269,-76.89784094,WAKEFIEL,32412937,LOAD
Waller,37.29585336,-76.70554961,WALLER,34886079,LOAD
Waller,37.29585336,-76.70554961,WALLER,34886081,LOAD
Chincoteague,37.88098031,-75.52172576,WALLOPS,50033,LOAD
Walney,38.8936558,-77.41158523,WALNEY,34886449,LOAD
Walney,38.8936558,-77.41158523,WALNEY,34886451,LOAD
Walney,38.8936558,-77.41158523,WALNEY,1183224922,LOAD
Walthall,37.30339617,-77.39916863,WALTHALL,34885709,LOAD
Walthall,37.30339617,-77.39916863,WALTHALL,45565877,LOAD
Walthall,37.30339617,-77.39916863,WALTHALL,1183224483,LOAD
Pentagon,38.86842435,-77.04946649,WAR,34886453,LOAD
Pentagon,38.86842435,-77.04946649,WAR,34886455,LOAD
Pentagon,38.86842435,-77.04946649,WAR,34886457,LOAD
Warrenton,38.69742368,-77.76746382,WARRENTN,34886459,LOAD
Warrenton,38.69742368,-77.76746382,WARRENTN,44460837,LOAD
Warwick,37.08343514,-76.46033698,WARWICK,34886083,LOAD
Warwick,37.08343514,-76.46033698,WARWICK,34886085,LOAD
Warwick,37.08343514,-76.46033698,WARWICK,34886087,LOAD
Warwick,37.08343514,-76.46033698,WARWICK,34886089,LOAD
Wattsville,37.93480234,-75.50210517,WATTSVIL,50036,LOAD
Wattsville,37.93480234,-75.50210517,WATTSVIL,50037,LOAD
Wattsville,37.93480234,-75.50210517,WATTSVIL,2156119243,GEN
Waynesboro,38.06026197,-78.87994886,WAYNESBO,34886899,LOAD
West Bassett,36.76979023,-80.01751279,WBASSETT,2041957771,LOAD
Welco,36.67196559,-78.92009335,WELCO,34885727,LOAD
Welco,36.67196559,-78.92009335,WELCO,2156112849,GEN
Welco,36.67196559,-78.92009335,WELCO,2156114075,LOAD
Weyers Cave,38.28289371,-78.90590835,WEYERSCV,34886907,LOAD
Wheeler,38.75308054,-77.65422652,WHEELER,1552832691,LOAD
Whitestone Branch,37.17275691,-81.95527334,WHETSTNE,1218905974,LOAD
White Oak,37.48611996,-77.24706625,WHITEOA4,34885729,LOAD
White Oak,37.48611996,-77.24706625,WHITEOA4,34885731,LOAD
White Oak,37.48611996,-77.24706625,WHITEOA4,2156113379,LOAD
White Oak,37.48611996,-77.24706625,WHITEOA4,2156113394,LOAD
White Stone,37.64880297,-76.39830012,WHITESTN,34885733,LOAD
Wilderness DP,38.3544318,-77.75674092,WILDERNS,1338423209,LOAD
Windsor DP,36.822685,-76.78182066,WINDSOR,2156114610,LOAD
Windsor DP,36.822685,-76.78182066,WINDSOR,2156114640,LOAD
Winterpock,37.39321816,-77.67210685,WINTERPK,34885735,LOAD
Winterpock,37.39321816,-77.67210685,WINTERPK,34885737,LOAD
Winterpock,37.39321816,-77.67210685,WINTERPK,2156110185,LOAD
Winterpock,37.39321816,-77.67210685,WINTERPK,2156113897,GEN
Westmoreland,38.00835039,-76.74359278,WMORELN4,51519929,LOAD
Westmoreland,38.00835039,-76.74359278,WMORELN4,1869195643,GEN
Wolf Hills Energy,36.66359204,-82.10389867,WOLF HILLS 1-5,37420967,AGGREGATE
Woodbridge,38.65474502,-77.2825091,WOODBRGE,34886463,LOAD
Woodbridge,38.65474502,-77.2825091,WOODBRGE,34886465,LOAD
Woodpecker,38.09048893,-77.44548371,WOODPKDP,34886467,LOAD
Woods DP,38.76741934,-77.47866716,WOODSDP,34886469,LOAD
West Salem,37.29987475,-80.12589238,WSALEM,32413093,LOAD
West Point,37.53926227,-76.80383347,WSTPOINT,34885739,LOAD
West Point,37.53926227,-76.80383347,WSTPOINT,34885741,LOAD
Wurno,37.07469255,-80.71740545,WURNO,32413103,LOAD
Wurno,37.07469255,-80.71740545,WURNO,32413105,LOAD
Wurno,37.07469255,-80.71740545,WURNO,51519927,LOAD
Wurno,37.07469255,-80.71740545,WURNO,1165480777,GEN
Wythe,36.9484324,-81.06049947,WYTHE,32413115,LOAD
Wythe,36.9484324,-81.06049947,WYTHE,32413117,LOAD
Wythe,36.9484324,-81.06049947,WYTHE,2156111394,LOAD
Yadkin,36.76297904,-76.35471476,YADKIN,35010357,EHV
Yardley Ridge,38.95018189,-77.5186353,YARDRIDG,1388604818,LOAD
Yardley Ridge,38.95018189,-77.5186353,YARDRIDG,1388604819,LOAD
Yorktown,37.21316329,-76.46103491,YORKTOW4,34886115,LOAD
Yorktown,37.21316329,-76.46103491,YORKTOW4,34886117,LOAD
Yorktown,37.21316329,-76.46103491,YORKTOW4,34887863,GEN
Yorktown,37.21316329,-76.46103491,YORKTOW4,34887865,GEN
Yorktown,37.21316329,-76.46103491,YORKTOW4,34887867,GEN
Yorktown,37.21316329,-76.46103491,YORKTOW4,2156119284,LOAD
Yorktown,37.21316329,-76.46103491,YORKTOW4,2156119462,LOAD
Yorktown,37.21316329,-76.46103491,YORKTOW4,2156119546,LOAD
Yorktown,37.21316329,-76.46103491,YORKTOW4,2156119606,LOAD
