"timeframe","state","rps"
"2015-2016","AZ",0.000716507542862379
"2015-2016","CA",0.00139789347980453
"2015-2016","CO",0
"2015-2016","CT",0.0205673909317315
"2015-2016","DE",0
"2015-2016","IA",0
"2015-2016","IL",0.000707776577476391
"2015-2016","MA",0.00968141573987381
"2015-2016","MD",0
"2015-2016","ME",0.0114336492802683
"2015-2016","MI",0.00293782427876774
"2015-2016","MN",0
"2015-2016","MO",0
"2015-2016","NC",0
"2015-2016","NH",0.00252236569626007
"2015-2016","NJ",0
"2015-2016","NM",0.00552872916523499
"2015-2016","NV",0.00660748051968243
"2015-2016","NY",0
"2015-2016","OH",0.000945628277558027
"2015-2016","OR",0
"2015-2016","PA",0
"2015-2016","RI",0.0226644210004367
"2015-2016","TX",0
"2015-2016","VA",0
"2015-2016","VT",0
"2015-2016","WA",0.0167898414940036
"2015-2016","WI",0
"2015-2017","AZ",0.000267774484554609
"2015-2017","CA",0.00414393567697497
"2015-2017","CO",0
"2015-2017","CT",0.0358777745595118
"2015-2017","DE",0
"2015-2017","IA",0
"2015-2017","IL",0.000691704868908808
"2015-2017","MA",-0.0085876436780851
"2015-2017","MD",0
"2015-2017","ME",0.0243905101800273
"2015-2017","MI",0.00432134408066142
"2015-2017","MN",0
"2015-2017","MO",0
"2015-2017","NC",0
"2015-2017","NH",0.0199728511666349
"2015-2017","NJ",0
"2015-2017","NM",0.00424217962476368
"2015-2017","NV",0.0158848118903855
"2015-2017","NY",0
"2015-2017","OH",0.00111595846223388
"2015-2017","OR",0
"2015-2017","PA",0
"2015-2017","RI",0.0419411327347499
"2015-2017","TX",0
"2015-2017","VA",0
"2015-2017","VT",0
"2015-2017","WA",0.0227048431730601
"2015-2017","WI",0
"2015-2018","AZ",0.000334285135391326
"2015-2018","CA",0.0117009020225549
"2015-2018","CO",0
"2015-2018","CT",0.0489247183665024
"2015-2018","DE",0
"2015-2018","IA",0
"2015-2018","IL",0
"2015-2018","MA",0.00488751769000457
"2015-2018","MD",0
"2015-2018","ME",0.0278622577854101
"2015-2018","MI",0.00450747810393023
"2015-2018","MN",0
"2015-2018","MO",0
"2015-2018","NC",0
"2015-2018","NH",0.0254421863936344
"2015-2018","NJ",0
"2015-2018","NM",0.00430734932818696
"2015-2018","NV",0.0189862222578817
"2015-2018","NY",0
"2015-2018","OH",0.00134625305634535
"2015-2018","OR",0
"2015-2018","PA",0
"2015-2018","RI",0.0524733497116416
"2015-2018","TX",0
"2015-2018","VA",0
"2015-2018","VT",0
"2015-2018","WA",0.034317165084156
"2015-2018","WI",0
"2015-2019","AZ",0.000856184175973611
"2015-2019","CA",0.0140168184743957
"2015-2019","CO",0
"2015-2019","CT",0.0629943645498739
"2015-2019","DE",0
"2015-2019","IA",0
"2015-2019","IL",0
"2015-2019","MA",0.00544044547815981
"2015-2019","MD",0.0206235219970485
"2015-2019","ME",0.0193316716249497
"2015-2019","MI",0.0116267648053317
"2015-2019","MN",0
"2015-2019","MO",0.017326246694322
"2015-2019","NC",0
"2015-2019","NH",0.0267014961931555
"2015-2019","NJ",0.00201908245359229
"2015-2019","NM",0.00400765529669687
"2015-2019","NV",0.0214701981055362
"2015-2019","NY",0
"2015-2019","OH",0.00173778348976424
"2015-2019","OR",0
"2015-2019","PA",0.000651851715464015
"2015-2019","RI",0.0584321057476994
"2015-2019","TX",0
"2015-2019","VA",0
"2015-2019","VT",0
"2015-2019","WA",0.0344524461481827
"2015-2019","WI",0
"2015-2020","AZ",0.00139044446566992
"2015-2020","CA",0.0183191277313514
"2015-2020","CO",0.00136933507669795
"2015-2020","CT",0.0661869633711999
"2015-2020","DE",0
"2015-2020","IA",0
"2015-2020","IL",0
"2015-2020","MA",0.0194077160470917
"2015-2020","MD",0.0362109598446246
"2015-2020","ME",0.038432539212072
"2015-2020","MI",0.0237988155504601
"2015-2020","MN",0
"2015-2020","MO",0.0203718869733652
"2015-2020","NC",0
"2015-2020","NH",0.0325776311589241
"2015-2020","NJ",0.0132439220407253
"2015-2020","NM",0.0314520247274207
"2015-2020","NV",0.0545288052702393
"2015-2020","NY",0.0139362188740298
"2015-2020","OH",0
"2015-2020","OR",0
"2015-2020","PA",0.00127900810397472
"2015-2020","RI",0.0679535901051586
"2015-2020","TX",0
"2015-2020","VA",0
"2015-2020","VT",0.000766982955906071
"2015-2020","WA",0.0710066857541949
"2015-2020","WI",0
"2015-2021","AZ",0.00173463349742679
"2015-2021","CA",0.0247006742702633
"2015-2021","CO",0.003560367289214
"2015-2021","CT",0.0819805465899199
"2015-2021","DE",0
"2015-2021","IA",0
"2015-2021","IL",0.00477227190400238
"2015-2021","MA",0.0331753341791476
"2015-2021","MD",0.0469086811254524
"2015-2021","ME",0.0616507446879004
"2015-2021","MI",0.0461179956492361
"2015-2021","MN",0
"2015-2021","MO",0.0397056827620693
"2015-2021","NC",0
"2015-2021","NH",0.0397935931913267
"2015-2021","NJ",0.00653028129794946
"2015-2021","NM",0.0533287363793696
"2015-2021","NV",0.0695782002384021
"2015-2021","NY",0.0364222095091043
"2015-2021","OH",0
"2015-2021","OR",0
"2015-2021","PA",0.000650481355628166
"2015-2021","RI",0.080717406045645
"2015-2021","TX",0
"2015-2021","VA",0.00064854259939454
"2015-2021","VT",0.00654289349274729
"2015-2021","WA",0.0722853475904402
"2015-2021","WI",0
"2015-2022","AZ",0.00196463895732581
"2015-2022","CA",0.0337719073624546
"2015-2022","CO",0.00344330404331462
"2015-2022","CT",0.0926646861626739
"2015-2022","DE",0.0308603937500152
"2015-2022","IA",0
"2015-2022","IL",0.0485357587146313
"2015-2022","MA",0.045170758427629
"2015-2022","MD",0.0901648477459735
"2015-2022","ME",0.0902191303532029
"2015-2022","MI",0.0447609015462873
"2015-2022","MN",0
"2015-2022","MO",0.0490259938703192
"2015-2022","NC",0
"2015-2022","NH",0.04483221746511
"2015-2022","NJ",0.0330267098000501
"2015-2022","NM",0.0828909696139005
"2015-2022","NV",0.117612218498656
"2015-2022","NY",0.0432428171241752
"2015-2022","OH",0.013469959539867
"2015-2022","OR",0
"2015-2022","PA",0.0111744578795216
"2015-2022","RI",0.0956189954509862
"2015-2022","TX",0
"2015-2022","VA",0.0436968434078918
"2015-2022","VT",0.0122311413644911
"2015-2022","WA",0.074686350669957
"2015-2022","WI",0
"2015-2023","AZ",0.00226255431585935
"2015-2023","CA",0.0363699444870653
"2015-2023","CO",0.0029165286761712
"2015-2023","CT",0.0973782464877769
"2015-2023","DE",0.0671627583432658
"2015-2023","IA",0
"2015-2023","IL",0.0773361979975103
"2015-2023","MA",0.0535460181194045
"2015-2023","MD",0.148087880093275
"2015-2023","ME",0.103663420435667
"2015-2023","MI",0.0420942458830959
"2015-2023","MN",0
"2015-2023","MO",0.0467605063420076
"2015-2023","NC",0
"2015-2023","NH",0.0478981250611629
"2015-2023","NJ",0.0721544238598082
"2015-2023","NM",0.0935110244837596
"2015-2023","NV",0.124751604192041
"2015-2023","NY",0.0702392826767556
"2015-2023","OH",0.0271567530409656
"2015-2023","OR",0
"2015-2023","PA",0.021849706893381
"2015-2023","RI",0.120882713782626
"2015-2023","TX",0
"2015-2023","VA",0.0958470755145083
"2015-2023","VT",0.0168704044849567
"2015-2023","WA",0.0784098923248841
"2015-2023","WI",0
"2015-2024","AZ",0.00281970934076812
"2015-2024","CA",0.0952724293899086
"2015-2024","CO",0.00305778636987123
"2015-2024","CT",0.118342851639115
"2015-2024","DE",0.0679225164661869
"2015-2024","IA",0
"2015-2024","IL",0.0883272264855921
"2015-2024","MA",0.0634036228363467
"2015-2024","MD",0.167442225389683
"2015-2024","ME",0.133735358801105
"2015-2024","MI",0.0420522827313437
"2015-2024","MN",0
"2015-2024","MO",0.0480691968986931
"2015-2024","NC",0
"2015-2024","NH",0.0584954657710057
"2015-2024","NJ",0.105214872922403
"2015-2024","NM",0.105491597181555
"2015-2024","NV",0.185485859985443
"2015-2024","NY",0.109685604131482
"2015-2024","OH",0.030784637410283
"2015-2024","OR",0
"2015-2024","PA",0.0192965679923066
"2015-2024","RI",0.167154271491612
"2015-2024","TX",0
"2015-2024","VA",0.116913390022153
"2015-2024","VT",0.0266322184212454
"2015-2024","WA",0.0822725702543299
"2015-2024","WI",0
"2016-2017","AZ",0.000264733831823654
"2016-2017","CA",0.0032435186076145
"2016-2017","CO",5.39578483186678e-05
"2016-2017","CT",-0.147282166672894
"2016-2017","DE",0
"2016-2017","IA",0
"2016-2017","IL",0.00067978610524265
"2016-2017","MA",0.194785239915075
"2016-2017","MD",0
"2016-2017","ME",-0.123962528474576
"2016-2017","MI",0.00302026998497614
"2016-2017","MN",0
"2016-2017","MO",0
"2016-2017","NC",0
"2016-2017","NH",-0.156121823017927
"2016-2017","NJ",0
"2016-2017","NM",0.00232448146658439
"2016-2017","NV",0.0114380144436393
"2016-2017","NY",0
"2016-2017","OH",0.00110569851898762
"2016-2017","OR",0
"2016-2017","PA",0
"2016-2017","RI",-0.183777291803038
"2016-2017","TX",0
"2016-2017","VA",0
"2016-2017","VT",0
"2016-2017","WA",0.0024915476477577
"2016-2017","WI",0
"2016-2018","AZ",0.000330489235974189
"2016-2018","CA",0.00424706058198641
"2016-2018","CO",0.00126230709270898
"2016-2018","CT",0.0644049403851212
"2016-2018","DE",0
"2016-2018","IA",0
"2016-2018","IL",0
"2016-2018","MA",-0.0122105652374123
"2016-2018","MD",0
"2016-2018","ME",0.0377640040997986
"2016-2018","MI",0.00307968541468366
"2016-2018","MN",0
"2016-2018","MO",0
"2016-2018","NC",0
"2016-2018","NH",0.0441038385658407
"2016-2018","NJ",0
"2016-2018","NM",0.00247687161557473
"2016-2018","NV",0.0194366753788875
"2016-2018","NY",0
"2016-2018","OH",0.00133387582151032
"2016-2018","OR",0
"2016-2018","PA",0
"2016-2018","RI",0.0682503367417251
"2016-2018","TX",0
"2016-2018","VA",0
"2016-2018","VT",0
"2016-2018","WA",0.00282841543815854
"2016-2018","WI",0
"2016-2019","AZ",0.000402143193443458
"2016-2019","CA",0.00556657928114346
"2016-2019","CO",0.00120917038175059
"2016-2019","CT",0.0710421839713411
"2016-2019","DE",0
"2016-2019","IA",0
"2016-2019","IL",0
"2016-2019","MA",-0.00135905740625971
"2016-2019","MD",0.0153321228910481
"2016-2019","ME",0.0174620978529942
"2016-2019","MI",0.0192235731375144
"2016-2019","MN",0
"2016-2019","MO",0.0221959551123981
"2016-2019","NC",0
"2016-2019","NH",0.0354407757862836
"2016-2019","NJ",0
"2016-2019","NM",0.00206601284304765
"2016-2019","NV",0.0222454312023667
"2016-2019","NY",0
"2016-2019","OH",0.00172180658687524
"2016-2019","OR",0
"2016-2019","PA",0.000552823211921164
"2016-2019","RI",0.0626179269060256
"2016-2019","TX",0
"2016-2019","VA",0
"2016-2019","VT",0
"2016-2019","WA",0.00303801811313806
"2016-2019","WI",0
"2016-2020","AZ",0.000729255193536304
"2016-2020","CA",0.00913874334695496
"2016-2020","CO",0.00437483738058861
"2016-2020","CT",0.0654641124933228
"2016-2020","DE",0
"2016-2020","IA",0
"2016-2020","IL",0
"2016-2020","MA",0.0190013530244295
"2016-2020","MD",0.03510465064668
"2016-2020","ME",0.0391113527537928
"2016-2020","MI",0.0189848287189314
"2016-2020","MN",0
"2016-2020","MO",0.021792775898707
"2016-2020","NC",0
"2016-2020","NH",0.037298459838567
"2016-2020","NJ",0.00345930567173106
"2016-2020","NM",0.0284624085707935
"2016-2020","NV",0.0344811390305514
"2016-2020","NY",0.0188984449935963
"2016-2020","OH",0
"2016-2020","OR",0
"2016-2020","PA",0.00126205600814302
"2016-2020","RI",0.0660958422347492
"2016-2020","TX",0
"2016-2020","VA",0
"2016-2020","VT",0.000767630722783604
"2016-2020","WA",0.0230422221821206
"2016-2020","WI",0
"2016-2021","AZ",0.00144161173543826
"2016-2021","CA",0.0134813970485951
"2016-2021","CO",0.00442312025737291
"2016-2021","CT",0.0797023722730456
"2016-2021","DE",0
"2016-2021","IA",0
"2016-2021","IL",0.00413351820132444
"2016-2021","MA",0.0345532818906303
"2016-2021","MD",0.0458769649024481
"2016-2021","ME",0.0637643613474526
"2016-2021","MI",0.0297928929520347
"2016-2021","MN",0
"2016-2021","MO",0.0418363045507002
"2016-2021","NC",0
"2016-2021","NH",0.0431416997714708
"2016-2021","NJ",0.00417555239606716
"2016-2021","NM",0.0313634204700292
"2016-2021","NV",0.0403113490036683
"2016-2021","NY",0.0366958921451701
"2016-2021","OH",0
"2016-2021","OR",0
"2016-2021","PA",0.000629133675934804
"2016-2021","RI",0.0768883718504625
"2016-2021","TX",0
"2016-2021","VA",0.000646973699345297
"2016-2021","VT",0.00654841939088517
"2016-2021","WA",0.0314451624383042
"2016-2021","WI",0
"2016-2022","AZ",0.00166900542024249
"2016-2022","CA",0.0186145228640454
"2016-2022","CO",0.00430752236454276
"2016-2022","CT",0.0893132598689308
"2016-2022","DE",0
"2016-2022","IA",0
"2016-2022","IL",0.023100605999505
"2016-2022","MA",0.0476670514868859
"2016-2022","MD",0.0277494599269307
"2016-2022","ME",0.0940094407705684
"2016-2022","MI",0.0288982065934495
"2016-2022","MN",0
"2016-2022","MO",0.0484606874979458
"2016-2022","NC",0
"2016-2022","NH",0.047329853058882
"2016-2022","NJ",0.00022408150742922
"2016-2022","NM",0.0737718063640748
"2016-2022","NV",0.0785179467159219
"2016-2022","NY",0.0435677509582551
"2016-2022","OH",0
"2016-2022","OR",0
"2016-2022","PA",0
"2016-2022","RI",0.0912583169119742
"2016-2022","TX",0
"2016-2022","VA",0.00085428326640507
"2016-2022","VT",0.0122414713570801
"2016-2022","WA",0.0434883350136259
"2016-2022","WI",0
"2016-2023","AZ",0.00196353786815247
"2016-2023","CA",0.0280803632798338
"2016-2023","CO",0.00378734097055553
"2016-2023","CT",0.0931007976122166
"2016-2023","DE",0.048667687402552
"2016-2023","IA",0
"2016-2023","IL",0.0730713863459202
"2016-2023","MA",0.057029736298618
"2016-2023","MD",0.114761609079576
"2016-2023","ME",0.10724032178876
"2016-2023","MI",0.0271885956491529
"2016-2023","MN",0
"2016-2023","MO",0.0484730274175184
"2016-2023","NC",0
"2016-2023","NH",0.0497553872049858
"2016-2023","NJ",0.0512809428070567
"2016-2023","NM",0.0873746258986776
"2016-2023","NV",0.105379291103558
"2016-2023","NY",0.0707670725142595
"2016-2023","OH",0.0234321574563762
"2016-2023","OR",0
"2016-2023","PA",0.0156360401070337
"2016-2023","RI",0.11722861591819
"2016-2023","TX",0
"2016-2023","VA",0.079946074355639
"2016-2023","VT",0.0168846526363032
"2016-2023","WA",0.0474801979665573
"2016-2023","WI",0
"2016-2024","AZ",0.00251436624490852
"2016-2024","CA",0.0351761456476669
"2016-2024","CO",0.00392683045431549
"2016-2024","CT",0.113989752527885
"2016-2024","DE",0.0565919809011865
"2016-2024","IA",0
"2016-2024","IL",0.0899827851799405
"2016-2024","MA",0.0674307891998401
"2016-2024","MD",0.146031499953491
"2016-2024","ME",0.138196914271143
"2016-2024","MI",0.0272142566060144
"2016-2024","MN",0
"2016-2024","MO",0.0498297592748418
"2016-2024","NC",0
"2016-2024","NH",0.060151206114749
"2016-2024","NJ",0.0926758263066484
"2016-2024","NM",0.0993832817358302
"2016-2024","NV",0.174536803283339
"2016-2024","NY",0.110509800293158
"2016-2024","OH",0.0304409896208374
"2016-2024","OR",0
"2016-2024","PA",0.015474105337992
"2016-2024","RI",0.164645481805319
"2016-2024","TX",0
"2016-2024","VA",0.112052942696676
"2016-2024","VT",0.0266547110579274
"2016-2024","WA",0.0489722857346492
"2016-2024","WI",0
"2017-2018","AZ",0.00033300714463241
"2017-2018","CA",0.000882582059205701
"2017-2018","CO",0.000629744352864315
"2017-2018","CT",0.052305451054088
"2017-2018","DE",0
"2017-2018","IA",0
"2017-2018","IL",0
"2017-2018","MA",0.000783328318463909
"2017-2018","MD",0
"2017-2018","ME",0.0228419733387809
"2017-2018","MI",0.00250265230525654
"2017-2018","MN",0
"2017-2018","MO",0
"2017-2018","NC",0
"2017-2018","NH",0.0241395954389151
"2017-2018","NJ",0
"2017-2018","NM",0.0025644966028069
"2017-2018","NV",0.00142901265231894
"2017-2018","NY",0
"2017-2018","OH",0.00136984118245753
"2017-2018","OR",0
"2017-2018","PA",0
"2017-2018","RI",0.0493286176142546
"2017-2018","TX",0
"2017-2018","VA",0
"2017-2018","VT",0
"2017-2018","WA",0.0028720657981107
"2017-2018","WI",0
"2017-2019","AZ",0.000405207014344103
"2017-2019","CA",0.00330788395019212
"2017-2019","CO",0.00105027912909141
"2017-2019","CT",0.0688145096048969
"2017-2019","DE",0
"2017-2019","IA",0
"2017-2019","IL",0
"2017-2019","MA",0.00318608648523862
"2017-2019","MD",0.0101459713173681
"2017-2019","ME",0.00505020218990416
"2017-2019","MI",0.0105338785916404
"2017-2019","MN",0
"2017-2019","MO",0.021809699869682
"2017-2019","NC",0
"2017-2019","NH",0.0227987545131717
"2017-2019","NJ",0
"2017-2019","NM",0.00208769528384346
"2017-2019","NV",0.00488854618770484
"2017-2019","NY",0.00115341397729032
"2017-2019","OH",0.00176823174458456
"2017-2019","OR",0
"2017-2019","PA",0.000556941898077923
"2017-2019","RI",0.0528952312077735
"2017-2019","TX",0
"2017-2019","VA",0
"2017-2019","VT",0
"2017-2019","WA",0.00303363725382164
"2017-2019","WI",0
"2017-2020","AZ",0.0004665022522269
"2017-2020","CA",0.00827250917914665
"2017-2020","CO",0.00421432092169084
"2017-2020","CT",0.0625764289342887
"2017-2020","DE",0
"2017-2020","IA",0
"2017-2020","IL",0
"2017-2020","MA",0.0217659414450146
"2017-2020","MD",0.0344127687829533
"2017-2020","ME",0.0335573257459725
"2017-2020","MI",0.0219462909100603
"2017-2020","MN",0
"2017-2020","MO",0.0211851080869948
"2017-2020","NC",0
"2017-2020","NH",0.0279678811030108
"2017-2020","NJ",0
"2017-2020","NM",0.0296403011892784
"2017-2020","NV",0.0157675483248726
"2017-2020","NY",0.0249349766127613
"2017-2020","OH",0
"2017-2020","OR",0
"2017-2020","PA",0.00128104223494981
"2017-2020","RI",0.0591366551362214
"2017-2020","TX",0
"2017-2020","VA",0
"2017-2020","VT",0
"2017-2020","WA",0.0197300039852886
"2017-2020","WI",0
"2017-2021","AZ",0.000656943576627037
"2017-2021","CA",0.0113806558342489
"2017-2021","CO",0.00426257901076608
"2017-2021","CT",0.0775261906004341
"2017-2021","DE",0
"2017-2021","IA",0
"2017-2021","IL",0.00353451535955505
"2017-2021","MA",0.0367271699874228
"2017-2021","MD",0.0455574620878258
"2017-2021","ME",0.0610499705281219
"2017-2021","MI",0.0388526725020829
"2017-2021","MN",0
"2017-2021","MO",0.0417939756519559
"2017-2021","NC",0
"2017-2021","NH",0.0346753488143968
"2017-2021","NJ",0.00312178749799171
"2017-2021","NM",0.0318463384648762
"2017-2021","NV",0.025620616693686
"2017-2021","NY",0.0374072234595613
"2017-2021","OH",0
"2017-2021","OR",0
"2017-2021","PA",0.000637776554183832
"2017-2021","RI",0.0704881129775128
"2017-2021","TX",0
"2017-2021","VA",0.000651329792489773
"2017-2021","VT",0.00546929816967725
"2017-2021","WA",0.027677899371398
"2017-2021","WI",0
"2017-2022","AZ",0.000760918471516375
"2017-2022","CA",0.0157798875356262
"2017-2022","CO",0.00414704046417059
"2017-2022","CT",0.0872020753672873
"2017-2022","DE",0
"2017-2022","IA",0
"2017-2022","IL",0.0237495448994075
"2017-2022","MA",0.0496957911055203
"2017-2022","MD",0.0268033226765553
"2017-2022","ME",0.0936318516166325
"2017-2022","MI",0.0375896404099936
"2017-2022","MN",0
"2017-2022","MO",0.0432269779612644
"2017-2022","NC",0
"2017-2022","NH",0.0392200127464861
"2017-2022","NJ",0
"2017-2022","NM",0.0706313073717456
"2017-2022","NV",0.0950106054686445
"2017-2022","NY",0.0444122897810641
"2017-2022","OH",0
"2017-2022","OR",0
"2017-2022","PA",0
"2017-2022","RI",0.0856200974441649
"2017-2022","TX",0
"2017-2022","VA",0.000860035181025391
"2017-2022","VT",0.0124508984276241
"2017-2022","WA",0.0376724622866891
"2017-2022","WI",0
"2017-2023","AZ",0.000908801636838616
"2017-2023","CA",0.0194903199617563
"2017-2023","CO",0.00362712612355537
"2017-2023","CT",0.090761006681258
"2017-2023","DE",0.0183436302430565
"2017-2023","IA",0
"2017-2023","IL",0.049249205457022
"2017-2023","MA",0.0591572755830515
"2017-2023","MD",0.067887021542329
"2017-2023","ME",0.107243318084275
"2017-2023","MI",0.0350126916810349
"2017-2023","MN",0
"2017-2023","MO",0.0402199244039664
"2017-2023","NC",0
"2017-2023","NH",0.0419151385860556
"2017-2023","NJ",0.0197700010764472
"2017-2023","NM",0.0877483399960643
"2017-2023","NV",0.0968749091011767
"2017-2023","NY",0.0721388564324171
"2017-2023","OH",0.00825969895038591
"2017-2023","OR",0
"2017-2023","PA",0.00545066331235835
"2017-2023","RI",0.113366641318498
"2017-2023","TX",0
"2017-2023","VA",0.034673973933145
"2017-2023","VT",0.0171735152440426
"2017-2023","WA",0.0406304112495026
"2017-2023","WI",0
"2017-2024","AZ",0.00118059383987895
"2017-2024","CA",0.0289305293585755
"2017-2024","CO",0.00376654399549409
"2017-2024","CT",0.112067696949186
"2017-2024","DE",0.0500173528688305
"2017-2024","IA",0
"2017-2024","IL",0.0871369476854395
"2017-2024","MA",0.0697078101507277
"2017-2024","MD",0.152725584698531
"2017-2024","ME",0.138880033250572
"2017-2024","MI",0.0369825353140841
"2017-2024","MN",0
"2017-2024","MO",0.0413104454886344
"2017-2024","NC",0
"2017-2024","NH",0.0524832471887551
"2017-2024","NJ",0.087846775076998
"2017-2024","NM",0.0997726334629475
"2017-2024","NV",0.163338047094799
"2017-2024","NY",0.112651976893871
"2017-2024","OH",0.0257671141584544
"2017-2024","OR",0
"2017-2024","PA",0.0121166788462154
"2017-2024","RI",0.162498970163753
"2017-2024","TX",0
"2017-2024","VA",0.11214590856304
"2017-2024","VT",0.0271107198080381
"2017-2024","WA",0.0419196561248125
"2017-2024","WI",0
"2018-2019","AZ",0.00040158640799664
"2018-2019","CA",9.20124221751316e-05
"2018-2019","CO",0.000539410825204676
"2018-2019","CT",0.0431894522418096
"2018-2019","DE",0
"2018-2019","IA",0
"2018-2019","IL",0
"2018-2019","MA",0.00137392686838374
"2018-2019","MD",0.00683778492765803
"2018-2019","ME",-0.0118012419840201
"2018-2019","MI",0.0181394894466128
"2018-2019","MN",0
"2018-2019","MO",0.0229153600594035
"2018-2019","NC",0
"2018-2019","NH",0.00863303432527505
"2018-2019","NJ",0
"2018-2019","NM",0.00198402311052393
"2018-2019","NV",0.00547408259174903
"2018-2019","NY",0.013205769300267
"2018-2019","OH",0.00169571326513146
"2018-2019","OR",0
"2018-2019","PA",0.000305628313430034
"2018-2019","RI",0.0255336335468762
"2018-2019","TX",0
"2018-2019","VA",0
"2018-2019","VT",0
"2018-2019","WA",0.00424978654984544
"2018-2019","WI",0
"2018-2020","AZ",0.00046233396057417
"2018-2020","CA",0.00161640735868086
"2018-2020","CO",0.00376873677602033
"2018-2020","CT",0.0360504811530127
"2018-2020","DE",0
"2018-2020","IA",0
"2018-2020","IL",0
"2018-2020","MA",0.0153969527301426
"2018-2020","MD",0.0314437349890884
"2018-2020","ME",0.0202947135487129
"2018-2020","MI",0.0208936719623845
"2018-2020","MN",0
"2018-2020","MO",0.021103013283577
"2018-2020","NC",0
"2018-2020","NH",0.0157609850089749
"2018-2020","NJ",0
"2018-2020","NM",0.0278832320087011
"2018-2020","NV",0.0195723733378415
"2018-2020","NY",0.0314353296344921
"2018-2020","OH",0
"2018-2020","OR",0
"2018-2020","PA",0.00111510246519095
"2018-2020","RI",0.0340482278221887
"2018-2020","TX",0
"2018-2020","VA",0
"2018-2020","VT",0
"2018-2020","WA",0.0209188739866749
"2018-2020","WI",0
"2018-2021","AZ",0.000651073653355075
"2018-2021","CA",0.00303710717076925
"2018-2021","CO",0.00381560971669329
"2018-2021","CT",0.0521303550898341
"2018-2021","DE",0
"2018-2021","IA",0
"2018-2021","IL",0.00272713105325047
"2018-2021","MA",0.0303193924755127
"2018-2021","MD",0.0420889491523455
"2018-2021","ME",0.0451311064059548
"2018-2021","MI",0.0381932712313156
"2018-2021","MN",0
"2018-2021","MO",0.0403068061399899
"2018-2021","NC",0
"2018-2021","NH",0.0230315410488968
"2018-2021","NJ",0
"2018-2021","NM",0.0303943125862862
"2018-2021","NV",0.0264102924465735
"2018-2021","NY",0.0434968464253954
"2018-2021","OH",0
"2018-2021","OR",0
"2018-2021","PA",0.000497682983360751
"2018-2021","RI",0.0465821183794053
"2018-2021","TX",0
"2018-2021","VA",0.000614748940197424
"2018-2021","VT",0.00248250836014876
"2018-2021","WA",0.0262219305422248
"2018-2021","WI",0
"2018-2022","AZ",0.000754119511601199
"2018-2022","CA",0.0103957849519383
"2018-2022","CO",0.003703387464553
"2018-2022","CT",0.0626674321395317
"2018-2022","DE",0
"2018-2022","IA",0
"2018-2022","IL",0.0228407999005406
"2018-2022","MA",0.0423995466759723
"2018-2022","MD",0.0241753264963258
"2018-2022","ME",0.0741953852921166
"2018-2022","MI",0.0370544589364134
"2018-2022","MN",0
"2018-2022","MO",0.0416421089859118
"2018-2022","NC",0
"2018-2022","NH",0.0279772509096449
"2018-2022","NJ",0
"2018-2022","NM",0.0646793696317845
"2018-2022","NV",0.0814608286979557
"2018-2022","NY",0.0502712252599414
"2018-2022","OH",0
"2018-2022","OR",0
"2018-2022","PA",0
"2018-2022","RI",0.0621637808307499
"2018-2022","TX",0
"2018-2022","VA",0.000811732738413253
"2018-2022","VT",0.0122093833946304
"2018-2022","WA",0.0306099926392514
"2018-2022","WI",0
"2018-2023","AZ",0.000900681311033672
"2018-2023","CA",0.0146844060436889
"2018-2023","CO",0.00319839618724234
"2018-2023","CT",0.0672369174479495
"2018-2023","DE",0
"2018-2023","IA",0
"2018-2023","IL",0.03216248084583
"2018-2023","MA",0.0509846715683779
"2018-2023","MD",0.0265068986795054
"2018-2023","ME",0.086613240009544
"2018-2023","MI",0.0354146631714147
"2018-2023","MN",0
"2018-2023","MO",0.0388400708127582
"2018-2023","NC",0
"2018-2023","NH",0.0310814851786708
"2018-2023","NJ",0
"2018-2023","NM",0.0833160717681366
"2018-2023","NV",0.0952304245896962
"2018-2023","NY",0.0770847139061506
"2018-2023","OH",0
"2018-2023","OR",0
"2018-2023","PA",0
"2018-2023","RI",0.0894166354602691
"2018-2023","TX",0
"2018-2023","VA",0.000958342779023301
"2018-2023","VT",0.0168403937327805
"2018-2023","WA",0.0403756753829318
"2018-2023","WI",0
"2018-2024","AZ",0.00117004499595689
"2018-2024","CA",0.0241608484284323
"2018-2024","CO",0.0033338123581965
"2018-2024","CT",0.0885042606591734
"2018-2024","DE",0.0380502509839888
"2018-2024","IA",0
"2018-2024","IL",0.0771712567721731
"2018-2024","MA",0.0668997361309724
"2018-2024","MD",0.115741430237462
"2018-2024","ME",0.115360878093104
"2018-2024","MI",0.0353703704791216
"2018-2024","MN",0
"2018-2024","MO",0.0398562421744064
"2018-2024","NC",0
"2018-2024","NH",0.041602609480994
"2018-2024","NJ",0.0684161611214529
"2018-2024","NM",0.0948208522549141
"2018-2024","NV",0.1583130899872
"2018-2024","NY",0.116263675700278
"2018-2024","OH",0.0175913893467482
"2018-2024","OR",0
"2018-2024","PA",0.0083232904165242
"2018-2024","RI",0.137113006174899
"2018-2024","TX",0
"2018-2024","VA",0.100102670881591
"2018-2024","VT",0.0265848423842538
"2018-2024","WA",0.0416927429652289
"2018-2024","WI",0
"2019-2020","AZ",0.000464808698719619
"2019-2020","CA",0.00164768957941658
"2019-2020","CO",0.00361707401182039
"2019-2020","CT",0.0137027941712401
"2019-2020","DE",0
"2019-2020","IA",0
"2019-2020","IL",0
"2019-2020","MA",0.0203499036983613
"2019-2020","MD",0.0307079587745399
"2019-2020","ME",0.0332969442765479
"2019-2020","MI",0.0185409879781357
"2019-2020","MN",0
"2019-2020","MO",0.0232990263293632
"2019-2020","NC",0
"2019-2020","NH",0.0130467141129157
"2019-2020","NJ",0
"2019-2020","NM",0.0105390911479818
"2019-2020","NV",0.00328778070509214
"2019-2020","NY",0.0417483026204771
"2019-2020","OH",0
"2019-2020","OR",0
"2019-2020","PA",0.000847363453967931
"2019-2020","RI",0.0234485648499106
"2019-2020","TX",0
"2019-2020","VA",0
"2019-2020","VT",0
"2019-2020","WA",0.022724431219004
"2019-2020","WI",0
"2019-2021","AZ",0.000654558659741917
"2019-2021","CA",0.00309588409751598
"2019-2021","CO",0.00371471944065641
"2019-2021","CT",0.0337196435467374
"2019-2021","DE",0
"2019-2021","IA",0
"2019-2021","IL",0.00232162855649946
"2019-2021","MA",0.0332925163871876
"2019-2021","MD",0.0415926170091793
"2019-2021","ME",0.0562896201124275
"2019-2021","MI",0.0362819817700605
"2019-2021","MN",0
"2019-2021","MO",0.0432816248492935
"2019-2021","NC",0
"2019-2021","NH",0.0203862287593653
"2019-2021","NJ",0
"2019-2021","NM",0.0206424531314823
"2019-2021","NV",0.0120795655678931
"2019-2021","NY",0.0541684752189289
"2019-2021","OH",0
"2019-2021","OR",0
"2019-2021","PA",0.000215539755174829
"2019-2021","RI",0.0369847389389561
"2019-2021","TX",0
"2019-2021","VA",0.000613352506658061
"2019-2021","VT",0.0049755520329829
"2019-2021","WA",0.0394089842117534
"2019-2021","WI",0
"2019-2022","AZ",0.000758156092256597
"2019-2022","CA",0.0105969738650183
"2019-2022","CO",0.00360263685473936
"2019-2022","CT",0.0457284106937439
"2019-2022","DE",0
"2019-2022","IA",0
"2019-2022","IL",0.0233930361873649
"2019-2022","MA",0.0454820898617455
"2019-2022","MD",0.0232760611029513
"2019-2022","ME",0.0855728967635731
"2019-2022","MI",0.0344514656739924
"2019-2022","MN",0
"2019-2022","MO",0.0446710806131672
"2019-2022","NC",0
"2019-2022","NH",0.0254085971511998
"2019-2022","NJ",0
"2019-2022","NM",0.0185365963061131
"2019-2022","NV",0.027809684075008
"2019-2022","NY",0.0611442939182667
"2019-2022","OH",0
"2019-2022","OR",0
"2019-2022","PA",0
"2019-2022","RI",0.0534784067380024
"2019-2022","TX",0
"2019-2022","VA",0.000809888846139839
"2019-2022","VT",0.0124417179596534
"2019-2022","WA",0.0526467501338454
"2019-2022","WI",0
"2019-2023","AZ",0.000905502394032941
"2019-2023","CA",0.0149685923465813
"2019-2023","CO",0.00309827406440985
"2019-2023","CT",0.0512369815657328
"2019-2023","DE",0
"2019-2023","IA",0
"2019-2023","IL",0.0330068851974514
"2019-2023","MA",0.0541919392230213
"2019-2023","MD",0.025660077617236
"2019-2023","ME",0.0974160880913911
"2019-2023","MI",0.0317789067135643
"2019-2023","MN",0
"2019-2023","MO",0.0417554063882731
"2019-2023","NC",0
"2019-2023","NH",0.0285971635718488
"2019-2023","NJ",0
"2019-2023","NM",0.0603591925992038
"2019-2023","NV",0.051430906756722
"2019-2023","NY",0.0887550963344034
"2019-2023","OH",0
"2019-2023","OR",0
"2019-2023","PA",0
"2019-2023","RI",0.0820053076403588
"2019-2023","TX",0
"2019-2023","VA",0.000956165854572801
"2019-2023","VT",0.0171608526311751
"2019-2023","WA",0.0571931124443449
"2019-2023","WI",0
"2019-2024","AZ",0.00117630790379042
"2019-2024","CA",0.0246284316707638
"2019-2024","CO",0.00323352170314513
"2019-2024","CT",0.0735786316982548
"2019-2024","DE",0.0196119539171297
"2019-2024","IA",0
"2019-2024","IL",0.0537273572643742
"2019-2024","MA",0.0692207874681964
"2019-2024","MD",0.0951743494220923
"2019-2024","ME",0.127246113884413
"2019-2024","MI",0.0327092326537586
"2019-2024","MN",0
"2019-2024","MO",0.0428127883595896
"2019-2024","NC",0
"2019-2024","NH",0.0394653827040709
"2019-2024","NJ",0.0429309990855869
"2019-2024","NM",0.0714794699484698
"2019-2024","NV",0.133790218852255
"2019-2024","NY",0.129099066014752
"2019-2024","OH",0.008697478654742
"2019-2024","OR",0
"2019-2024","PA",0.00245755581979294
"2019-2024","RI",0.131374423076266
"2019-2024","TX",0
"2019-2024","VA",0.0824321617268959
"2019-2024","VT",0.0270907301585919
"2019-2024","WA",0.0589089177639038
"2019-2024","WI",0
"2020-2021","AZ",0.000622366605842742
"2020-2021","CA",0.00338328572851401
"2020-2021","CO",0.000283067355400858
"2020-2021","CT",0.0387147644118991
"2020-2021","DE",0
"2020-2021","IA",0
"2020-2021","IL",7.69510301634862e-05
"2020-2021","MA",0.0243523905650422
"2020-2021","MD",0.0432566916204742
"2020-2021","ME",0.0515635893994311
"2020-2021","MI",0.0349507339909629
"2020-2021","MN",0
"2020-2021","MO",0.0450717800315961
"2020-2021","NC",0
"2020-2021","NH",0.0168639176623648
"2020-2021","NJ",0
"2020-2021","NM",0.0177885636991011
"2020-2021","NV",0.00498150914556541
"2020-2021","NY",0.0643901309112957
"2020-2021","OH",0
"2020-2021","OR",0
"2020-2021","PA",0
"2020-2021","RI",0.0308100415947641
"2020-2021","TX",0
"2020-2021","VA",0.000619530223465923
"2020-2021","VT",0.00506533572046297
"2020-2021","WA",0.0146853217229912
"2020-2021","WI",0
"2020-2022","AZ",0.000720868980669783
"2020-2022","CA",0.00929298733829326
"2020-2022","CO",0.000401585976472832
"2020-2022","CT",0.0482210584100115
"2020-2022","DE",0
"2020-2022","IA",0
"2020-2022","IL",0.0232525328843663
"2020-2022","MA",0.0379944205393988
"2020-2022","MD",0.0239575096989994
"2020-2022","ME",0.0836693806501949
"2020-2022","MI",0.0335491190596734
"2020-2022","MN",0
"2020-2022","MO",0.0465187045583672
"2020-2022","NC",0
"2020-2022","NH",0.0212674625166995
"2020-2022","NJ",0
"2020-2022","NM",0.0150383690137145
"2020-2022","NV",0.0633412948807549
"2020-2022","NY",0.0716239887057127
"2020-2022","OH",0
"2020-2022","OR",0
"2020-2022","PA",0
"2020-2022","RI",0.0482252106429865
"2020-2022","TX",0
"2020-2022","VA",0.000818046086687462
"2020-2022","VT",0.0126662283877627
"2020-2022","WA",0.0149419469051697
"2020-2022","WI",0
"2020-2023","AZ",0.00086096859795417
"2020-2023","CA",0.0173137749255412
"2020-2023","CO",0
"2020-2023","CT",0.0517357602292201
"2020-2023","DE",0
"2020-2023","IA",0
"2020-2023","IL",0.0332909556462533
"2020-2023","MA",0.0484257807137711
"2020-2023","MD",0.0264694212531435
"2020-2023","ME",0.0932162364619583
"2020-2023","MI",0.0312357599171536
"2020-2023","MN",0
"2020-2023","MO",0.0434824362166446
"2020-2023","NC",0
"2020-2023","NH",0.0240502312275878
"2020-2023","NJ",0
"2020-2023","NM",0.016664697783099
"2020-2023","NV",0.0746713147478612
"2020-2023","NY",0.100256128799468
"2020-2023","OH",0
"2020-2023","OR",0
"2020-2023","PA",0
"2020-2023","RI",0.0793136353894944
"2020-2023","TX",0
"2020-2023","VA",0.000965796404390038
"2020-2023","VT",0.0174705197031534
"2020-2023","WA",0.0163257129736965
"2020-2023","WI",0
"2020-2024","AZ",0.00111845553734892
"2020-2024","CA",0.0212246750452741
"2020-2024","CO",2.93719910065764e-05
"2020-2024","CT",0.0747389557409015
"2020-2024","DE",0.0122868130047923
"2020-2024","IA",0
"2020-2024","IL",0.0360311796859264
"2020-2024","MA",0.0673001906632795
"2020-2024","MD",0.0563655115893533
"2020-2024","ME",0.123064044095039
"2020-2024","MI",0.0311879412169355
"2020-2024","MN",0
"2020-2024","MO",0.0445835521702739
"2020-2024","NC",0
"2020-2024","NH",0.0351078737684409
"2020-2024","NJ",0.0434298535254847
"2020-2024","NM",0.0221431618919407
"2020-2024","NV",0.125200159288758
"2020-2024","NY",0.142092442515249
"2020-2024","OH",0.00563426221537711
"2020-2024","OR",0
"2020-2024","PA",0.000747880863463604
"2020-2024","RI",0.130354751647838
"2020-2024","TX",0
"2020-2024","VA",0.0677881398284882
"2020-2024","VT",0.0275795815732776
"2020-2024","WA",0.0170644947681704
"2020-2024","WI",0
"2021-2022","AZ",0.00072743760495415
"2021-2022","CA",0.00734184145092237
"2021-2022","CO",0.000379636930238711
"2021-2022","CT",0.023470092906743
"2021-2022","DE",0
"2021-2022","IA",0
"2021-2022","IL",0.0191694760361988
"2021-2022","MA",0.0213390297546725
"2021-2022","MD",0.0200998408664414
"2021-2022","ME",0.053494255300216
"2021-2022","MI",0.0317016772385016
"2021-2022","MN",0
"2021-2022","MO",0.019039054478335
"2021-2022","NC",0
"2021-2022","NH",0.0105923824541534
"2021-2022","NJ",0
"2021-2022","NM",0.00390127599542927
"2021-2022","NV",0.0620460664343413
"2021-2022","NY",0.0743560153603098
"2021-2022","OH",0
"2021-2022","OR",0
"2021-2022","PA",0
"2021-2022","RI",0.0303829526377294
"2021-2022","TX",0
"2021-2022","VA",0.000765853671947093
"2021-2022","VT",0.0124761236669793
"2021-2022","WA",0.016227877727133
"2021-2022","WI",0
"2021-2023","AZ",0.000868813822803968
"2021-2023","CA",0.0100210544575088
"2021-2023","CO",0
"2021-2023","CT",0.0280182985578878
"2021-2023","DE",0
"2021-2023","IA",0
"2021-2023","IL",0.0306978158468976
"2021-2023","MA",0.0364858395721239
"2021-2023","MD",0.022540808000115
"2021-2023","ME",0.0614871586965634
"2021-2023","MI",0.0295512092448518
"2021-2023","MN",0
"2021-2023","MO",0.0160823339200431
"2021-2023","NC",0
"2021-2023","NH",0.0137938808409575
"2021-2023","NJ",0
"2021-2023","NM",0.00606913285686163
"2021-2023","NV",0.0574416880367161
"2021-2023","NY",0.102782227800458
"2021-2023","OH",0
"2021-2023","OR",0
"2021-2023","PA",0
"2021-2023","RI",0.0610219100163726
"2021-2023","TX",0
"2021-2023","VA",0.000904177325327149
"2021-2023","VT",0.0172083083985383
"2021-2023","WA",0.0192765436456566
"2021-2023","WI",0
"2021-2024","AZ",0.00112864700681233
"2021-2024","CA",0.0160961129587086
"2021-2024","CO",9.41076260004014e-06
"2021-2024","CT",0.0512777567943339
"2021-2024","DE",0.000120081009407842
"2021-2024","IA",0
"2021-2024","IL",0.0393509950917158
"2021-2024","MA",0.055373211216779
"2021-2024","MD",0.0237405446599206
"2021-2024","ME",0.0910911166537996
"2021-2024","MI",0.0295047326316784
"2021-2024","MN",0
"2021-2024","MO",0.0171546015231469
"2021-2024","NC",0
"2021-2024","NH",0.0249548986696413
"2021-2024","NJ",0.000318727761199194
"2021-2024","NM",0.00706423935931081
"2021-2024","NV",0.112562875187625
"2021-2024","NY",0.144317647000815
"2021-2024","OH",3.97863753195529e-05
"2021-2024","OR",0
"2021-2024","PA",-3.56055394259574e-06
"2021-2024","RI",0.11075727320325
"2021-2024","TX",0
"2021-2024","VA",0.00137780282252111
"2021-2024","VT",0.0271656455148236
"2021-2024","WA",0.0207413185399266
"2021-2024","WI",0
"2022-2023","AZ",0.000838099395489246
"2022-2023","CA",0.0118950109173275
"2022-2023","CO",0
"2022-2023","CT",0.0143096302621507
"2022-2023","DE",0
"2022-2023","IA",0
"2022-2023","IL",0.0302193118793464
"2022-2023","MA",0.0295426180776654
"2022-2023","MD",0.0190019565204808
"2022-2023","ME",0.0287534808274435
"2022-2023","MI",0.0289744411889465
"2022-2023","MN",0
"2022-2023","MO",0.00935354469253082
"2022-2023","NC",0
"2022-2023","NH",0.00803765511638316
"2022-2023","NJ",0
"2022-2023","NM",0.00576494969211058
"2022-2023","NV",0
"2022-2023","NY",0.123209200618545
"2022-2023","OH",0
"2022-2023","OR",0
"2022-2023","PA",0
"2022-2023","RI",0.0504278529874222
"2022-2023","TX",0
"2022-2023","VA",0.000856191692819513
"2022-2023","VT",0.0170265671887365
"2022-2023","WA",0.0141418800906341
"2022-2023","WI",0
"2022-2024","AZ",0.00108874692057425
"2022-2024","CA",0.0145627344214409
"2022-2024","CO",4.67395413371632e-06
"2022-2024","CT",0.0394720499690698
"2022-2024","DE",0
"2022-2024","IA",0
"2022-2024","IL",0.0389480508884292
"2022-2024","MA",0.0467786302963856
"2022-2024","MD",0.0200106422536658
"2022-2024","ME",0.0601707341491432
"2022-2024","MI",0.0289283460253055
"2022-2024","MN",0
"2022-2024","MO",0.0103918546522168
"2022-2024","NC",0
"2022-2024","NH",0.019918371615678
"2022-2024","NJ",0
"2022-2024","NM",0.00669547381744306
"2022-2024","NV",0.0172284759529316
"2022-2024","NY",0.164226410996525
"2022-2024","OH",0
"2022-2024","OR",0
"2022-2024","PA",0
"2022-2024","RI",0.0976442815795909
"2022-2024","TX",0
"2022-2024","VA",0.00102077625283497
"2022-2024","VT",0.0268787423999695
"2022-2024","WA",0.0147428022358411
"2022-2024","WI",0
"2023-2024","AZ",0.00106692249822707
"2023-2024","CA",0.015316086577813
"2023-2024","CO",0.000351390624695449
"2023-2024","CT",0.0534283503200923
"2023-2024","DE",0
"2023-2024","IA",0
"2023-2024","IL",0.0386514850832489
"2023-2024","MA",0.0454231667440744
"2023-2024","MD",0.0209201569031418
"2023-2024","ME",0.0725848103704434
"2023-2024","MI",0.027791259082243
"2023-2024","MN",0
"2023-2024","MO",0
"2023-2024","NC",0
"2023-2024","NH",0.0252896875533904
"2023-2024","NJ",0
"2023-2024","NM",0.00335407045847175
"2023-2024","NV",0
"2023-2024","NY",0.199211416118714
"2023-2024","OH",0
"2023-2024","OR",0
"2023-2024","PA",0
"2023-2024","RI",0.111618170866641
"2023-2024","TX",0
"2023-2024","VA",0.00102036053176321
"2023-2024","VT",0.027412145849394
"2023-2024","WA",0.00786701956263541
"2023-2024","WI",0
