census_geoid,census_name,year,avg_total_lmp,avg_energy,avg_congestion,avg_loss,n_pnodes,inefficient_pricing,first_entry_year,treated,event_time,weight,group
51013101100,1011.0,2015,37.87595148401827,33.33905136986301,3.65668207762557,0.8802180365296803,2,4.53690011415525,,0,,0.5,control
51013101100,1011.0,2016,31.02018784153006,27.52486794171221,3.013933287795995,0.4813866120218578,2,3.4953198998178525,,0,,0.5,control
51013101100,1011.0,2017,31.83430650684931,29.38840982488584,1.808257990867581,0.637638698630137,2,2.445896689497718,,0,,0.5,control
51013101100,1011.0,2018,39.19477853881278,35.69340182648401,2.7451358447488565,0.7566158675799084,2,3.501751712328765,,0,,0.5,control
51013101100,1011.0,2019,27.91717408675799,25.979946347031955,1.4411489726027393,0.49673801369863024,2,1.9378869863013697,,0,,0.5,control
51013101100,1011.0,2020,22.299717099271405,20.62579007285974,1.428055555555555,0.2462596766848816,2,1.6743152322404367,,0,,0.5,control
51013101100,1011.0,2021,42.617853310502284,38.125222602739726,3.6516312785388125,0.8415839041095889,2,4.4932151826484015,,0,,0.5,control
51013101100,1011.0,2022,86.89585388127854,73.38870547945204,11.092319063926944,2.4155759132420096,2,13.507894977168952,,0,,0.5,control
51013101100,1011.0,2023,36.29242865296804,29.612191780821913,5.787247716894978,0.8936472602739727,2,6.6808949771689505,,0,,0.5,control
51013101100,1011.0,2024,37.52817566029145,31.229977231329677,5.24628415300546,1.0524601548269577,2,6.2987443078324175,,0,,0.5,control
51013101100,1011.0,2025,60.32398287671229,46.76924429223748,11.699808219178083,1.8555091324200919,2,13.555317351598175,,0,,0.5,control
51013101300,1013.0,2015,38.02490334855403,33.33905136986301,3.653076864535768,1.032775114155251,3,4.685851978691019,,0,,0.5,control
51013101300,1013.0,2016,31.097992562234367,27.524867941712206,3.001506147540985,0.5716184729811778,3,3.573124620522163,,0,,0.5,control
51013101300,1013.0,2017,31.944908675799073,29.38840982488584,1.8043249619482502,0.7521738964992389,3,2.556498858447489,,0,,0.5,control
51013101300,1013.0,2018,39.34137366818874,35.69340182648401,2.7321697108066965,0.9161651445966518,3,3.6483348554033483,,0,,0.5,control
51013101300,1013.0,2019,28.03508866057838,25.979946347031955,1.4384364535768641,0.6172796803652969,3,2.055716133942161,,0,,0.5,control
51013101300,1013.0,2020,22.373816408621735,20.62579007285974,1.4212503794778384,0.32733113236187,3,1.7485815118397083,,0,,0.5,control
51013101300,1013.0,2021,42.76277701674277,38.125222602739726,3.6403181126331816,0.9978165905631657,3,4.638134703196347,,0,,0.5,control
51013101300,1013.0,2022,86.98981544901066,73.38870547945204,10.882834094368347,2.7189486301369867,3,13.601782724505334,,0,,0.5,control
51013101300,1013.0,2023,36.35189535768646,29.612191780821913,5.7538778538812805,0.9864942922374434,3,6.740372146118724,,0,,0.5,control
51013101300,1013.0,2024,37.62231709168185,31.229977231329666,5.213516621129323,1.1794023224043721,3,6.3929189435336955,,0,,0.5,control
51013101300,1013.0,2025,60.411345509893444,46.76924429223743,11.583559360730591,2.059106544901065,3,13.642665905631656,,0,,0.5,control
51013102802,1028.02,2015,38.06811187214611,33.33905136986301,3.6510331050228295,1.078027397260274,4,4.729060502283104,,0,,0.5,control
51013102802,1028.02,2016,31.14368084016393,27.52486794171221,2.99445355191257,0.6243593465391621,4,3.618812898451732,,0,,0.5,control
51013102802,1028.02,2017,32.00000171232877,29.38840982488584,1.8020667808219186,0.8095251141552511,4,2.6115918949771695,,0,,0.5,control
51013102802,1028.02,2018,39.39995062785387,35.69340182648401,2.7244797374429206,0.9824383561643837,4,3.706918093607304,,0,,0.5,control
51013102802,1028.02,2019,28.034810216894975,25.979946347031955,1.4369115296803647,0.6186041666666667,4,2.0555156963470314,,0,,0.5,control
51013102802,1028.02,2020,22.40415841302368,20.625790072859736,1.4174698315118397,0.36142389571948996,4,1.7788937272313297,,0,,0.5,control
51013102802,1028.02,2021,42.81214069634703,38.125222602739726,3.635990296803654,1.051500285388128,4,4.687490582191782,,0,,0.5,control
51013102802,1028.02,2022,86.89789611872146,73.38870547945206,10.655601598173511,2.8543007990867584,4,13.50990239726027,,0,,0.5,control
51013102802,1028.02,2023,36.360480593607306,29.612191780821913,5.7148535958904105,1.0340633561643835,4,6.748916952054794,,0,,0.5,control
51013102802,1028.02,2024,37.62305043260473,31.229977231329705,5.177187784608378,1.2163903119307828,4,6.393578096539161,,0,,0.5,control
51013102802,1028.02,2025,60.37756906392695,46.76924429223746,11.44994178082192,2.15897345890411,4,13.60891523972603,,0,,0.5,control
51041101010,1010.1,2015,36.78121803652969,33.339051369863014,3.2544646118721463,0.18770205479452057,2,3.442166666666667,,0,,1.0,control
51041101010,1010.1,2016,29.763984517304195,27.52486794171221,2.3075996129326053,-0.0684830373406193,2,2.239116575591986,,0,,1.0,control
51041101010,1010.1,2017,31.46223002283105,29.38840982488584,1.8669172374429222,0.20690296803652955,2,2.0738202054794517,,0,,1.0,control
51041101010,1010.1,2018,38.920018835616446,35.69340182648401,3.0010513698630104,0.2257248858447487,2,3.226776255707759,,0,,1.0,control
51041101010,1010.1,2019,27.28275513698629,25.97994634703196,1.2092528538812783,0.09382648401826475,2,1.303079337899543,,0,,1.0,control
51041101010,1010.1,2020,21.28395101525944,20.666633213011345,0.7143656491960518,-0.09699170500434323,3,0.6173739441917085,,0,,1.0,control
51041101010,1010.1,2021,41.16393417047183,38.12522260273972,2.7760391933028905,0.26302929984779294,3,3.0390684931506833,,0,,1.0,control
51041101010,1010.1,2022,79.91761643835616,73.38870547945204,5.545286910197871,0.9841993911719941,3,6.5294863013698645,,0,,1.0,control
51041101010,1010.1,2023,33.16543226788432,29.612191780821913,3.31922488584475,0.2344303652968036,3,3.553655251141554,,0,,1.0,control
51041101010,1010.1,2024,34.91035670916819,31.229977231329666,3.5009373102610746,0.1797491651487552,3,3.68068647540983,,0,,1.0,control
51041101010,1010.1,2025,52.409108447488585,46.76924429223744,5.251682267884318,0.38846080669710825,3,5.6401430745814265,,0,,1.0,control
51059420201,4202.01,2015,37.75971404109589,33.33905136986301,3.6314503424657545,0.7892123287671234,2,4.420662671232878,,0,,0.5,control
51059420201,4202.01,2016,30.89551684881603,27.52486794171221,2.942877390710384,0.4277715163934427,2,3.3706489071038264,,0,,0.5,control
51059420201,4202.01,2017,31.789302511415528,29.38840982488584,1.790775114155251,0.6101175799086758,2,2.400892694063927,,0,,0.5,control
51059420201,4202.01,2018,38.986527397260275,35.69340182648401,2.6453670091324186,0.6480821917808218,2,3.2934492009132406,,0,,0.5,control
51059420201,4202.01,2019,27.826425799086767,25.97994634703196,1.4250017123287668,0.42203938356164383,2,1.8470410958904107,,0,,0.5,control
51059420201,4202.01,2020,22.145214594717675,20.62579007285974,1.3425176457194898,0.1774043715846994,2,1.5199220173041892,,0,,0.5,control
51059420201,4202.01,2021,42.304747146118736,38.12522260273972,3.4668247716894975,0.7132996575342465,2,4.180124429223744,,0,,0.5,control
51059420201,4202.01,2022,84.39437100456621,73.38870547945204,8.875138698630131,2.131252283105023,2,11.006390981735155,,0,,0.5,control
51059420201,4202.01,2023,36.007277397260275,29.612191780821913,5.619425228310502,0.776314497716895,2,6.395739726027397,,0,,0.5,control
51059420201,4202.01,2024,37.15214196265937,31.229977231329677,5.016699681238616,0.9060297131147546,2,5.92272939435337,,0,,0.5,control
51059420201,4202.01,2025,58.149013127853884,46.76924429223747,9.764679223744288,1.6156033105022833,2,11.380282534246572,,0,,0.5,control
51059421900,4219.0,2015,37.77685616438356,33.33905136986301,3.633413242009133,0.8043915525114157,2,4.437804794520549,,0,,1.0,control
51059421900,4219.0,2016,30.941092896174858,27.52486794171221,2.9452948542805095,0.4709301001821493,2,3.416224954462659,,0,,1.0,control
51059421900,4219.0,2017,31.821179223744302,29.38840982488584,1.785327054794521,0.6474423515981738,2,2.432769406392695,,0,,1.0,control
51059421900,4219.0,2018,39.11239212328766,35.69340182648401,2.654501141552509,0.7648658675799089,2,3.4193670091324178,,0,,1.0,control
51059421900,4219.0,2019,27.888734589041093,25.979946347031955,1.422533675799086,0.486811073059361,2,1.9093447488584472,,0,,1.0,control
51059421900,4219.0,2020,22.262218237704914,20.625790072859736,1.401407103825136,0.23548383424408004,2,1.6368909380692158,,0,,1.0,control
51059421900,4219.0,2021,42.41582933789957,38.125222602739726,3.461990296803653,0.8292368721461189,2,4.291227168949772,,0,,1.0,control
51059421900,4219.0,2022,84.66331849315063,73.38870547945206,8.958281392694062,2.3169697488584475,2,11.27525114155251,,0,,1.0,control
51059421900,4219.0,2023,36.02192579908677,29.612191780821913,5.543888698630136,0.8664731735159817,2,6.410361872146118,,0,,1.0,control
51059421900,4219.0,2024,37.26317509107464,31.229977231329723,5.037517645719492,0.9962573998178508,2,6.033775045537343,,0,,1.0,control
51059421900,4219.0,2025,58.793434360730586,46.76924429223748,10.2740901826484,1.7506227168949775,2,12.024712899543378,,0,,1.0,control
51059430400,4304.0,2015,32.05069748858449,33.33905136986301,-0.9723789954337912,-0.3159748858447486,1,-1.2883538812785398,,0,,0.5,control
51059430400,4304.0,2016,27.09503073770492,27.52486794171221,-0.3477436247723124,-0.0820935792349727,1,-0.4298372040072851,,0,,0.5,control
51059430400,4304.0,2017,29.458875570776257,29.38840982488584,-0.2586038812785388,0.3290696347031963,1,0.0704657534246575,,0,,0.5,control
51059430400,4304.0,2018,35.29709589041095,35.69340182648401,-1.0318447488584477,0.6358675799086758,1,-0.39597716894977186,,0,,0.5,control
51059430400,4304.0,2019,27.74170776255707,25.979946347031955,1.3761757990867574,0.386079908675799,1,1.7622557077625562,,0,,0.5,control
51059430400,4304.0,2020,20.98355760473588,20.62579007285974,0.3220560109289613,0.0360496357012751,1,0.3581056466302364,,0,,0.5,control
51059430400,4304.0,2021,38.39838013698631,38.125222602739726,0.5385696347031956,-0.2653630136986302,1,0.27320662100456544,,0,,0.5,control
51059430400,4304.0,2022,70.8861301369863,73.38870547945206,-1.0946552511415528,-1.4079497716894978,1,-2.502605022831051,,0,,0.5,control
51059430400,4304.0,2023,29.72584132420092,29.612191780821913,0.7178493150684931,-0.6043219178082189,1,0.11352739726027428,,0,,0.5,control
51059430400,4304.0,2024,30.57861338797815,31.229977231329684,0.0624943078324225,-0.7139048269581058,1,-0.6514105191256833,,0,,0.5,control
51059430400,4304.0,2025,42.67808789954338,46.76924429223745,-2.761445205479454,-1.3298847031963468,1,-4.091329908675801,,0,,0.5,control
51059431801,4318.01,2015,37.785244863013716,33.33905136986301,3.659607876712328,0.7865856164383564,2,4.446193493150684,,0,,0.5,control
51059431801,4318.01,2016,31.00254667577414,27.524867941712202,3.070983606557378,0.4066951275045539,2,3.477678734061932,,0,,0.5,control
51059431801,4318.01,2017,31.768447488584478,29.38840982488584,1.79906392694064,0.5809737442922374,2,2.3800376712328775,,0,,0.5,control
51059431801,4318.01,2018,38.994542237442914,35.69340182648402,2.617321917808218,0.6841815068493147,2,3.3015034246575325,,0,,0.5,control
51059431801,4318.01,2019,27.86387328767124,25.979946347031955,1.430546803652967,0.4539691780821917,2,1.8845159817351587,,0,,0.5,control
51059431801,4318.01,2020,22.108863843351546,20.62579007285974,1.2684904371584702,0.2149396630236794,2,1.4834301001821495,,0,,0.5,control
51059431801,4318.01,2021,42.56160958904108,38.12522260273972,3.646285388127854,0.7907671232876714,2,4.4370525114155255,,0,,0.5,control
51059431801,4318.01,2022,87.70240525114157,73.38870547945206,12.053962328767122,2.260377853881278,2,14.314340182648401,,0,,0.5,control
51059431801,4318.01,2023,36.365107305936064,29.612191780821917,5.9160684931506875,0.8375776255707762,2,6.753646118721464,,0,,0.5,control
51059431801,4318.01,2024,37.33409949908925,31.22997723132966,5.12632684426229,0.9784039162112936,2,6.104730760473584,,0,,0.5,control
51059431801,4318.01,2025,59.56515867579911,46.76924429223748,11.045536529680366,1.7508824200913256,2,12.796418949771692,,0,,0.5,control
51059450601,4506.01,2015,38.01768721461188,33.33905136986301,3.653221461187216,1.0254143835616434,2,4.678635844748859,,0,,0.5,control
51059450601,4506.01,2016,31.139305555555556,27.52486794171221,3.015720059198544,0.5987175546448085,2,3.6144376138433523,,0,,0.5,control
51059450601,4506.01,2017,31.968208904109595,29.38840982488584,1.8075804794520551,0.7722186073059363,2,2.5797990867579914,,0,,0.5,control
51059450601,4506.01,2018,39.38109874429223,35.69340182648401,2.7389897260273965,0.9491033105022836,2,3.68809303652968,,0,,0.5,control
51059450601,4506.01,2019,28.033222602739727,25.979946347031955,1.4416997716894975,0.6121969178082193,2,2.0538966894977166,,0,,0.5,control
51059450601,4506.01,2020,22.392860883424405,20.62579007285974,1.4287260928961751,0.3387989526411658,2,1.767525045537341,,0,,0.5,control
51059450601,4506.01,2021,42.71564269406393,38.125222602739726,3.6353184931506837,0.955672374429224,2,4.590990867579908,,0,,0.5,control
51059450601,4506.01,2022,86.72142808219175,73.38870547945204,10.548149543378997,2.7852756849315066,2,13.333425228310503,,0,,0.5,control
51059450601,4506.01,2023,36.32170662100456,29.612191780821913,5.708284246575342,1.0018921232876712,2,6.710176369863014,,0,,0.5,control
51059450601,4506.01,2024,37.697687841530055,31.229977231329663,5.260380806010925,1.2078369763205836,2,6.468217782331509,,0,,0.5,control
51059450601,4506.01,2025,60.244355022831044,46.76924429223743,11.435335616438348,2.0402962328767122,2,13.47563184931506,,0,,0.5,control
51059452101,4521.01,2015,37.79068892694061,33.33905136986301,3.669137557077627,0.7825,2,4.4516375570776265,,0,,0.5,control
51059452101,4521.01,2016,30.998238274134795,27.52486794171221,3.0579001593806936,0.4154701730418944,2,3.473370332422588,,0,,0.5,control
51059452101,4521.01,2017,31.7839703196347,29.38840982488584,1.81307191780822,0.5824885844748855,2,2.3955605022831055,,0,,0.5,control
51059452101,4521.01,2018,39.11167922374428,35.69340182648401,2.7163470319634677,0.7023076484018265,2,3.418654680365294,,0,,0.5,control
51059452101,4521.01,2019,27.870472031963477,25.979946347031955,1.4361438356164378,0.4549355022831048,2,1.8910793378995425,,0,,0.5,control
51059452101,4521.01,2020,22.178575250455367,20.625790072859736,1.3349721083788713,0.21827356557377042,2,1.5532456739526417,,0,,0.5,control
51059452101,4521.01,2021,42.586857876712315,38.125222602739726,3.6643944063926934,0.7979012557077625,2,4.4622956621004555,,0,,0.5,control
51059452101,4521.01,2022,86.56951997716897,73.38870547945206,10.904398401826485,2.2771284246575334,2,13.181526826484019,,0,,0.5,control
51059452101,4521.01,2023,36.47427568493151,29.612191780821913,6.032595890410958,0.8301175799086761,2,6.862713470319634,,0,,0.5,control
51059452101,4521.01,2024,37.40766108834241,31.229977231329705,5.18469319216757,0.9934733606557367,2,6.178166552823306,,0,,0.5,control
51059452101,4521.01,2025,59.888001141552465,46.76924429223746,11.32051312785389,1.7988464611872153,2,13.119359589041105,,0,,0.5,control
51059461000,4610.0,2015,38.0160110350076,33.33905136986301,3.7266099695586,0.9503496955859969,3,4.676959665144597,,0,,0.5,control
51059461000,4610.0,2016,31.288283621736486,27.524867941712206,3.2191602155434125,0.5442554644808739,3,3.7634156800242864,,0,,0.5,control
51059461000,4610.0,2017,31.961204718417047,29.38840982488584,1.8919235159817351,0.680871385083714,3,2.572794901065449,,0,,0.5,control
51059461000,4610.0,2018,39.62455327245055,35.69340182648401,3.0763926940639243,0.8551487823439876,3,3.931541476407912,,0,,0.5,control
51059461000,4610.0,2019,28.341723363774733,25.97994634703196,1.7931822678843223,0.5691917808219179,3,2.3623740487062403,,0,,0.5,control
51059461000,4610.0,2020,22.627929568913164,20.62579007285974,1.6968021402550086,0.3058173952641165,3,2.002619535519125,,0,,0.5,control
51059461000,4610.0,2021,45.60698059360732,38.125222602739726,6.461650684931506,1.0206933028919327,3,7.482343987823438,,0,,0.5,control
51059461000,4610.0,2022,116.36168569254187,73.38870547945204,40.12641818873667,2.847311643835617,3,42.97372983257229,,0,,0.5,control
51059461000,4610.0,2023,41.87050761035008,29.612191780821913,11.189300608828013,1.0696198630136984,3,12.258920471841712,,0,,0.5,control
51059461000,4610.0,2024,38.995315725561625,31.229977231329684,6.525085382513663,1.2408803885853075,3,7.765965771098971,,0,,0.5,control
51059461000,4610.0,2025,67.33224581430746,46.769244292237424,18.465525494672757,2.0980475646879753,3,20.56357305936073,,0,,0.5,control
51059471402,4714.02,2015,37.84411415525113,33.33905136986301,3.6823801369863025,0.8226826484018268,1,4.505062785388129,,0,,0.5,control
51059471402,4714.02,2016,31.81329437360859,29.908983758348512,1.206589253187614,0.6977213620724548,3,1.9043106152600688,,0,,0.5,control
51059471402,4714.02,2017,31.827128995433796,29.38840982488584,1.8339132420091324,0.6048059360730594,3,2.438719178082192,,0,,0.5,control
51059471402,4714.02,2018,39.26937785388128,35.69340182648402,2.8381746575342457,0.7381221461187213,3,3.576296803652967,,0,,0.5,control
51059471402,4714.02,2019,28.230557077625566,25.979946347031955,1.7684817351598185,0.4826655251141549,3,2.2511472602739735,,0,,0.5,control
51059471402,4714.02,2020,22.353551912568307,20.62579007285974,1.4908845628415301,0.237290528233151,3,1.7281750910746811,,0,,0.5,control
51059471402,4714.02,2021,42.7225399543379,38.12522260273972,3.7572351598173506,0.8406986301369864,3,4.597933789954337,,0,,0.5,control
51059471402,4714.02,2022,89.16453538812785,73.38870547945206,13.260191400304421,2.5162758751902583,3,15.77646727549468,,0,,0.5,control
51059471402,4714.02,2023,36.613618340943674,29.612191780821917,6.044810502283103,0.957299086757991,3,7.002109589041094,,0,,0.5,control
51059471402,4714.02,2024,37.7850147996357,31.229977231329695,5.467618397085606,1.087953096539162,3,6.555571493624768,,0,,0.5,control
51059471402,4714.02,2025,61.32195167427701,46.76924429223741,12.630999619482495,1.9223371385083698,3,14.553336757990865,,0,,0.5,control
51059480503,4805.03,2015,38.025683409436844,33.33905136986301,3.7626107305936096,0.9240213089802128,3,4.686632039573823,,0,,0.5,control
51059480503,4805.03,2016,31.41477838494231,27.524867941712206,3.346596842744384,0.5433136004857314,3,3.8899104432301153,,0,,0.5,control
51059480503,4805.03,2017,31.986332191780814,29.38840982488584,1.9340928462709295,0.6638295281582953,3,2.597922374429225,,0,,0.5,control
51059480503,4805.03,2018,39.87942770167428,35.69340182648401,3.3336761796042604,0.8527035768645354,3,4.186379756468796,,0,,0.5,control
51059480503,4805.03,2019,28.436082952815834,25.979946347031955,1.8957610350076115,0.5609733637747337,3,2.4567343987823453,,0,,0.5,control
51059480503,4805.03,2020,22.835174559805708,20.62579007285974,1.8862788403157253,0.32371432908318143,3,2.2099931693989068,,0,,0.5,control
51059480503,4805.03,2021,45.80115334855404,38.125222602739726,6.5917146118721455,1.0847610350076107,3,7.676475646879756,,0,,0.5,control
51059480503,4805.03,2022,116.08345776255703,73.38870547945204,39.7081305175038,2.9872705479452057,3,42.695401065449005,,0,,0.5,control
51059480503,4805.03,2023,40.50748896499238,29.612191780821917,9.760676940639268,1.1352937595129375,3,10.895970700152205,,0,,0.5,control
51059480503,4805.03,2024,39.3830153309047,31.22997723132967,6.908494990892533,1.2451115664845174,3,8.15360655737705,,0,,0.5,control
51059480503,4805.03,2025,68.67654946727548,46.76924429223745,19.74588584474886,2.1619570015220693,3,21.907842846270928,,0,,0.5,control
51059480802,4808.02,2015,38.067947488584466,33.33905136986301,3.7956763698630134,0.9332197488584472,2,4.728896118721461,,0,,0.5,control
51059480802,4808.02,2016,31.447935450819664,27.524867941712202,3.3979445582877954,0.525122950819672,2,3.9230675091074674,,0,,0.5,control
51059480802,4808.02,2017,32.00545034246575,29.38840982488584,1.9705051369863016,0.6465353881278537,2,2.617040525114155,,0,,0.5,control
51059480802,4808.02,2018,40.01119006849315,35.69340182648402,3.471848744292235,0.8463293378995432,2,4.318178082191778,,0,,0.5,control
51059480802,4808.02,2019,28.516701484018267,25.979946347031955,1.9799623287671244,0.5573613013698632,2,2.5373236301369877,,0,,0.5,control
51059480802,4808.02,2020,22.99271061020037,20.62579007285974,2.045528802367941,0.322000227686703,2,2.367529030054644,,0,,0.5,control
51059480802,4808.02,2021,46.18504223744294,38.125222602739726,6.957396118721464,1.1030188356164383,2,8.060414954337903,,0,,0.5,control
51059480802,4808.02,2022,118.88926141552511,73.38870547945206,42.46881278538814,3.032407534246575,2,45.50122031963471,,0,,0.5,control
51059480802,4808.02,2023,41.33299029680366,29.612191780821917,10.567100456621,1.1543430365296805,2,11.72144349315068,,0,,0.5,control
51059480802,4808.02,2024,39.81302994080146,31.2299772313297,7.304834927140256,1.278845059198543,2,8.5836799863388,,0,,0.5,control
51059480802,4808.02,2025,70.56594121004566,46.769244292237445,21.577402968036523,2.219845890410959,2,23.79724885844748,,0,,0.5,control
51059482501,4825.01,2015,37.79626255707762,33.33905136986301,3.670396689497718,0.7868144977168946,2,4.457211187214613,,0,,1.0,control
51059482501,4825.01,2016,31.106333105646634,27.52486794171221,3.140705259562843,0.44075990437158474,2,3.5814651639344275,,0,,1.0,control
51059482501,4825.01,2017,31.800119863013705,29.38840982488584,1.8328961187214619,0.5788139269406392,2,2.411710045662101,,0,,1.0,control
51059482501,4825.01,2018,39.32702682648404,35.69340182648401,2.9030742009132418,0.7308761415525113,2,3.633950342465753,,0,,1.0,control
51059482501,4825.01,2019,28.083739155251145,25.979946347031955,1.6434103881278541,0.4609155251141552,2,2.1043259132420093,,0,,1.0,control
51059482501,4825.01,2020,22.4066404826958,20.62579007285974,1.5117440801457198,0.26961293260473584,2,1.7813570127504557,,0,,1.0,control
51059482501,4825.01,2021,44.81754908675798,38.12522260273972,5.674123287671233,1.0188458904109592,2,6.692969178082192,,0,,1.0,control
51059482501,4825.01,2022,106.18038641552508,73.38870547945204,30.03998173515983,2.7524109589041097,2,32.79239269406394,,0,,1.0,control
51059482501,4825.01,2023,38.35866038812786,29.612191780821913,7.761239726027394,0.9859492009132422,2,8.747188926940638,,0,,1.0,control
51059482501,4825.01,2024,37.854479735883416,31.229977231329677,5.538704462659375,1.0863023679417125,2,6.625006830601087,,0,,1.0,control
51059482501,4825.01,2025,62.35552226027396,46.76924429223745,13.685284817351608,1.9015764840182652,2,15.586861301369874,,0,,1.0,control
51059482601,4826.01,2015,37.82349315068492,33.33905136986301,3.668019406392696,0.8164223744292234,3,4.4844417808219195,,0,,0.5,control
51059482601,4826.01,2016,31.155283849423196,27.524867941712206,3.19035025804493,0.4400656496660596,3,3.6304159077109897,,0,,0.5,control
51059482601,4826.01,2017,31.778668188736688,29.38840982488584,1.8039208523592094,0.5863375190258752,3,2.3902583713850847,,0,,0.5,control
51059482601,4826.01,2018,39.34473287671233,35.69340182648401,2.9075772450532718,0.7440848554033486,3,3.6516621004566203,,0,,0.5,control
51059482601,4826.01,2019,28.008589421613397,25.979946347031955,1.589161719939117,0.4401019786910198,3,2.0292636986301367,,0,,0.5,control
51059482601,4826.01,2020,22.239720704310866,20.62579007285974,1.4094558287795993,0.20491689435336968,3,1.614372723132969,,0,,0.5,control
51059482601,4826.01,2021,44.28424124809743,38.12522260273972,5.283374429223745,0.8761955859969559,3,6.159570015220701,,0,,0.5,control
51059482601,4826.01,2022,101.891101978691,73.38870547945204,26.11414916286149,2.388929223744292,3,28.503078386605782,,0,,0.5,control
51059482601,4826.01,2023,37.23887138508371,29.612191780821917,6.7578911719939105,0.869459284627093,3,7.627350456621004,,0,,0.5,control
51059482601,4826.01,2024,37.59658431997571,31.229977231329674,5.351670081967209,1.015508879781421,3,6.36717896174863,,0,,0.5,control
51059482601,4826.01,2025,61.574801369863,46.76924429223747,12.990060882800611,1.816063546423135,3,14.806124429223747,,0,,0.5,control
51059490103,4901.03,2015,37.604172374429226,33.33905136986301,3.670190639269408,0.5949303652968033,1,4.265121004566211,,0,,0.3333333333333333,control
51059490103,4901.03,2016,31.20341188524589,27.52486794171221,3.3994376138433524,0.279106329690346,1,3.6785439435336986,,0,,0.3333333333333333,control
51059490103,4901.03,2017,31.59011643835617,29.38840982488584,1.7880901826484026,0.4136164383561643,1,2.201706621004567,,0,,0.3333333333333333,control
51059490103,4901.03,2018,39.32389383561643,35.69340182648401,3.098158675799083,0.5326415525114158,1,3.6308002283104988,,0,,0.3333333333333333,control
51059490103,4901.03,2019,27.849809360730596,25.97994634703196,1.5487226027397258,0.3216461187214611,1,1.8703687214611868,,0,,0.3333333333333333,control
51059490103,4901.03,2020,22.051705373406204,20.62579007285974,1.290369990892532,0.1359039162112932,1,1.426273907103825,,0,,0.3333333333333333,control
51059490103,4901.03,2021,43.47481050228309,38.12522260273973,4.673610730593606,0.6765570776255706,1,5.350167808219177,,0,,0.3333333333333333,control
51059490103,4901.03,2022,91.01668150684937,73.38870547945204,15.78667694063927,1.8420582191780823,1,17.628735159817353,,0,,0.3333333333333333,control
51059490103,4901.03,2023,36.75672488584478,29.612191780821913,6.428728310502284,0.716445205479452,1,7.145173515981736,,0,,0.3333333333333333,control
51059490103,4901.03,2024,37.41984061930784,31.22997723132969,5.314743852459011,0.8757285974499097,1,6.1904724499089205,,0,,0.3333333333333333,control
51059490103,4901.03,2025,61.56666552511417,46.769244292237445,13.20012899543379,1.597868721461188,1,14.797997716894978,,0,,0.3333333333333333,control
51059491301,4913.01,2015,35.13273458904108,33.33905136986301,1.0808841324200928,0.7127990867579912,2,1.793683219178084,,0,,1.0,control
51059491301,4913.01,2016,29.59578210382514,27.52486794171221,1.4378455145719495,0.6330686475409835,2,2.070914162112933,,0,,1.0,control
51059491301,4913.01,2017,30.851281392694077,29.38840982488584,0.7802699771689499,0.682601598173516,2,1.462871575342466,,0,,1.0,control
51059491301,4913.01,2018,37.78946689497715,35.69340182648401,1.2231004566210044,0.8733190639269406,2,2.0964195205479452,,0,,1.0,control
51059491301,4913.01,2019,27.966648972602744,25.979946347031955,1.1288909817351593,0.8583852739726026,2,1.987276255707762,,0,,1.0,control
51059491301,4913.01,2020,22.23984460382514,20.62579007285974,0.9516934198542802,0.662809653916211,2,1.6145030737704913,,0,,1.0,control
51059491301,4913.01,2021,42.38725342465754,38.125222602739726,2.936790525114154,1.3258498858447483,2,4.262640410958903,,0,,1.0,control
51059491301,4913.01,2022,85.39131392694065,73.38870547945206,10.005718607305942,1.9974857305936076,2,12.00320433789955,,0,,1.0,control
51059491301,4913.01,2023,33.91542351598173,29.612191780821917,3.4972888127853867,0.8064760273972601,2,4.303764840182647,,0,,1.0,control
51059491301,4913.01,2024,35.00368681693988,31.22997723132969,2.9549077868852427,0.819399476320583,2,3.7743072632058254,,0,,1.0,control
51059491301,4913.01,2025,52.469086757990894,46.76924429223743,4.503589611872146,1.1966963470319638,2,5.700285958904109,,0,,1.0,control
51061930403,9304.03,2015,36.995408675799084,33.33905136986301,3.490480022831048,0.16587728310502295,2,3.656357305936071,,0,,1.0,control
51061930403,9304.03,2016,29.94237078779601,27.52486794171221,2.480452527322405,-0.06294968123861565,2,2.4175028460837895,,0,,1.0,control
51061930403,9304.03,2017,31.315442922374423,29.38840982488584,1.780343607305936,0.14668949771689496,2,1.9270331050228309,,0,,1.0,control
51061930403,9304.03,2018,38.228269977168964,35.69340182648401,2.3516712328767104,0.18333618721461187,2,2.5350074200913224,,0,,1.0,control
51061930403,9304.03,2019,27.36549600456621,25.97994634703196,1.360706621004566,0.0249874429223744,2,1.3856940639269404,,0,,1.0,control
51061930403,9304.03,2020,21.309556010928972,20.62579007285974,0.7835245901639343,-0.09958504098360646,2,0.6839395491803278,,0,,1.0,control
51061930403,9304.03,2021,41.15667066210045,38.125222602739726,2.8996289954337895,0.13212100456621,2,3.0317499999999997,,0,,1.0,control
51061930403,9304.03,2022,80.15460958904112,73.38870547945206,5.883660388127853,0.8828030821917805,2,6.766463470319634,,0,,1.0,control
51061930403,9304.03,2023,34.67521118721459,29.612191780821917,4.668180365296802,0.39544349315068483,2,5.063623858447487,,0,,1.0,control
51061930403,9304.03,2024,35.90359744990893,31.229977231329677,4.292011042805094,0.3819945355191256,2,4.67400557832422,,0,,1.0,control
51061930403,9304.03,2025,55.36043949771688,46.76924429223747,7.822410388127848,0.7692357305936075,2,8.591646118721455,,0,,1.0,control
51087201601,2016.01,2015,32.8206067351598,33.33905136986301,1.1399492009132433,-1.6583938356164383,2,-0.518444634703195,,0,,1.0,control
51087201601,2016.01,2016,25.607451047358843,27.52486794171221,-0.8558629326047358,-1.061553961748634,2,-1.9174168943533698,,0,,1.0,control
51087201601,2016.01,2017,28.04435616438356,29.38840982488584,-0.2992488584474888,-1.044804794520548,2,-1.344053652968037,,0,,1.0,control
51087201601,2016.01,2018,32.8510799086758,35.69340182648401,-1.5972602739726054,-1.2453184931506849,2,-2.8425787671232903,,0,,1.0,control
51087201601,2016.01,2019,25.933486301369864,25.97994634703196,0.5938675799086756,-0.6404303652968039,2,-0.0465627853881283,,0,,1.0,control
51087201601,2016.01,2020,20.437953096539157,20.62579007285974,0.2130521402550088,-0.4009733606557377,2,-0.1879212204007289,,0,,1.0,control
51087201601,2016.01,2021,37.55676598173515,38.12522260273973,0.3708116438356164,-0.939337899543379,2,-0.5685262557077626,,0,,1.0,control
51087201601,2016.01,2022,70.51447431506848,73.38870547945206,-0.7997294520547943,-2.074639269406392,2,-2.8743687214611864,,0,,1.0,control
51087201601,2016.01,2023,29.603219178082185,29.61219178082191,0.7598984018264838,-0.7691438356164383,2,-0.00924543378995446,,0,,1.0,control
51087201601,2016.01,2024,30.185341530054675,31.229977231329677,-0.0487534153005463,-0.9960154826958112,2,-1.0447688979963574,,0,,1.0,control
51087201601,2016.01,2025,42.46129794520549,46.769244292237445,-2.543025114155247,-1.765260273972603,2,-4.3082853881278504,,0,,1.0,control
51107610102,6101.02,2015,37.73639155251141,33.33905136986301,3.641934931506852,0.7554052511415523,2,4.397340182648405,,0,,0.5,control
51107610102,6101.02,2016,30.68443761384335,27.524867941712202,2.7622552367941715,0.3973144353369764,2,3.159569672131148,,0,,0.5,control
51107610102,6101.02,2017,31.197804794520543,29.38840982488584,1.3484246575342458,0.46097031963470314,2,1.809394977168949,,0,,0.5,control
51107610102,6101.02,2018,38.52055593607305,35.69340182648402,2.162124429223746,0.6653732876712333,2,2.827497716894979,,0,,0.5,control
51107610102,6101.02,2019,27.63483447488585,25.979946347031955,1.2530251141552506,0.402429223744292,2,1.6554543378995428,,0,,0.5,control
51107610102,6101.02,2020,21.623123861566487,20.62579007285974,0.7881671220400723,0.2096015482695811,2,0.9977686703096534,,0,,0.5,control
51107610102,6101.02,2021,41.58833105022833,38.125222602739726,2.8599737442922373,0.6036472602739729,2,3.4636210045662104,,0,,0.5,control
51107610102,6101.02,2022,79.55314269406394,73.38870547945206,4.269289954337899,1.8957785388127864,2,6.165068493150685,,0,,0.5,control
51107610102,6101.02,2023,33.171232876712345,29.612191780821917,2.85893493150685,0.7006952054794522,2,3.559630136986302,,0,,0.5,control
51107610102,6101.02,2024,36.41635587431696,31.22997723132969,4.281631375227686,0.9053062386156651,2,5.186937613843352,,0,,0.5,control
51107610102,6101.02,2025,54.107408675799114,46.769244292237424,5.751154109589037,1.5875376712328753,2,7.338691780821913,,0,,0.5,control
51107610201,6102.01,2015,31.69986757990869,33.33905136986301,-1.880711187214612,0.2415273972602741,2,-1.639183789954338,,0,,0.5,control
51107610201,6102.01,2016,24.424030054644803,27.52486794171221,-3.005439435336976,-0.0953984517304189,2,-3.100837887067395,,0,,0.5,control
51107610201,6102.01,2017,28.651546803652952,29.38840982488584,-0.6387990867579908,-0.0980639269406392,2,-0.73686301369863,,0,,0.5,control
51107610201,6102.01,2018,32.36968835616439,35.69340182648401,-3.224073059360732,-0.0999417808219176,2,-3.3240148401826497,,0,,0.5,control
51107610201,6102.01,2019,24.92102511415526,25.97994634703196,-0.7122214611872149,-0.3470970319634704,2,-1.0593184931506854,,0,,0.5,control
51107610201,6102.01,2020,19.841846539162106,20.625790072859736,-0.5043624772313295,-0.2799533242258651,2,-0.7843158014571947,,0,,0.5,control
51107610201,6102.01,2021,38.34728310502284,38.125222602739726,0.6486655251141558,-0.4268881278538812,2,0.22177739726027457,,0,,0.5,control
51107610201,6102.01,2022,77.28005707762557,73.38870547945204,3.75920205479452,0.1323367579908674,2,3.8915388127853876,,0,,0.5,control
51107610201,6102.01,2023,27.144860730593592,29.612191780821913,-2.2692831050228315,-0.1984257990867581,2,-2.4677089041095894,,0,,0.5,control
51107610201,6102.01,2024,27.904362477231295,31.229977231329677,-3.2486031420765036,-0.077290528233151,2,-3.3258936703096547,,0,,0.5,control
51107610201,6102.01,2025,42.519373287671264,46.76924429223744,-4.2345216894977185,-0.0154463470319634,2,-4.2499680365296815,,0,,0.5,control
51107611004,6110.04,2016,31.516974196338474,27.891546778146154,3.4227547931382443,0.2026726250540579,2,3.6254274181923023,2022.0,0,-6.0,1.0,treated
51107611004,6110.04,2017,30.98363984018265,29.38840982488584,1.3481609589041093,0.2470690639269405,2,1.5952300228310499,2022.0,0,-5.0,1.0,treated
51107611004,6110.04,2018,37.86611872146119,35.69340182648402,1.8931347031963464,0.2797608447488582,2,2.1728955479452043,2022.0,0,-4.0,1.0,treated
51107611004,6110.04,2019,27.36941666666666,25.979946347031955,1.2023573059360726,0.18761187214611874,2,1.3899691780821914,2022.0,0,-3.0,1.0,treated
51107611004,6110.04,2020,21.36202071948999,20.62579007285974,0.6839526411657559,0.052572859744990846,2,0.7365255009107468,2022.0,0,-2.0,1.0,treated
51107611004,6110.04,2021,41.18763470319635,38.125222602739726,2.892004566210044,0.17079166666666673,2,3.062796232876711,2022.0,0,-1.0,1.0,treated
51107611004,6110.04,2022,72.97536643835616,73.38870547945206,-1.731964611872146,1.3192574200913245,2,-0.4127071917808214,2022.0,1,0.0,1.0,treated
51107611004,6110.04,2023,34.04711187214613,29.61219178082192,3.8114486301369848,0.6239463470319635,2,4.435394977168948,2022.0,1,1.0,1.0,treated
51107611004,6110.04,2024,37.37593693078323,31.229977231329716,5.366092896174868,0.7803870673952641,2,6.1464799635701315,2022.0,1,2.0,1.0,treated
51107611004,6110.04,2025,52.08751255707763,46.76924429223748,3.935305936073059,1.38352796803653,2,5.318833904109589,2022.0,1,3.0,1.0,treated
51107611013,6110.13,2015,38.06091780821919,33.33905136986301,3.9589320776255708,0.7629343607305936,2,4.721866438356164,,0,,0.5,control
51107611013,6110.13,2016,31.629988615664857,27.52486794171221,3.6909625455373414,0.41415812841530053,2,4.105120673952642,,0,,0.5,control
51107611013,6110.13,2017,32.07126084474886,29.38840982488584,2.1829971461187223,0.4998538812785387,2,2.682851027397261,,0,,0.5,control
51107611013,6110.13,2018,39.55824600456623,35.69340182648401,3.237969748858445,0.6272049086757991,2,3.8651746575342445,,0,,0.5,control
51107611013,6110.13,2019,28.66048630136986,25.979946347031955,2.2607334474885845,0.4203059360730591,2,2.6810393835616435,,0,,0.5,control
51107611013,6110.13,2020,22.82511668943534,20.625790072859736,1.9853415300546449,0.21439093806921677,2,2.1997324681238615,,0,,0.5,control
51107611013,6110.13,2021,46.83348630136986,38.125222602739726,7.857820205479458,0.8510205479452054,2,8.708840753424663,,0,,0.5,control
51107611013,6110.13,2022,106.19471803652971,73.38870547945206,30.1436934931507,2.6629726027397265,2,32.80666609589043,,0,,0.5,control
51107611013,6110.13,2023,41.954366438356175,29.612191780821913,11.338186643835611,1.004674657534246,2,12.342861301369856,,0,,0.5,control
51107611013,6110.13,2024,40.91094660746815,31.229977231329705,8.594280510018212,1.0872131147540984,2,9.68149362477231,,0,,0.5,control
51107611013,6110.13,2025,70.43404737442918,46.76924429223746,21.767439497716893,1.8979383561643826,2,23.665377853881274,,0,,0.5,control
51107611018,6110.18,2015,38.00606354642314,33.33905136986301,3.8851674277016746,0.7818447488584477,6,4.667012176560123,2017.0,0,-2.0,1.0,treated
51107611018,6110.18,2016,31.63404807984214,27.524867941712206,3.65341719793564,0.45576294019429264,6,4.109180138129933,2017.0,0,-1.0,1.0,treated
51107611018,6110.18,2017,32.023572298325725,29.38840982488584,2.071002473363776,0.56416000761035,6,2.635162480974126,2017.0,1,0.0,1.0,treated
51107611018,6110.18,2018,39.994333713850835,35.69340182648401,3.5884065829528127,0.7128833713850837,6,4.301289954337896,2017.0,1,1.0,1.0,treated
51107611018,6110.18,2019,27.947082572298324,25.512853671605622,1.9340119824185396,0.5008121486037337,7,2.4348241310222734,2017.0,1,2.0,1.0,treated
51107611018,6110.18,2020,23.185724043715847,20.625790072859736,2.2493554839968772,0.3111834829560239,7,2.560538966952901,2017.0,1,3.0,1.0,treated
51107611018,6110.18,2021,47.126754729288976,38.12522260273972,7.847250163078937,1.1549145466405741,7,9.00216470971951,2017.0,1,4.0,1.0,treated
51107611018,6110.18,2022,120.68480854533594,73.38870547945206,44.19643574690151,3.100351598173517,7,47.296787345075025,2017.0,1,5.0,1.0,treated
51107611018,6110.18,2023,42.74243542074364,29.612191780821917,11.937796477495104,1.193090998043053,7,13.130887475538156,2017.0,1,6.0,1.0,treated
51107611018,6110.18,2024,40.714594717668476,31.229977231329716,8.178042056986719,1.3071547293780903,7,9.48519678636481,2017.0,1,7.0,1.0,treated
51107611018,6110.18,2025,78.9722472276582,46.76924429223748,29.941161121983047,2.2624246575342464,7,32.20358577951729,2017.0,1,8.0,1.0,treated
51107611601,6116.01,2019,27.478396875581183,25.042724567602743,1.936500836897899,0.4997321926724938,2,2.436233029570393,2024.0,0,-5.0,1.0,treated
51107611601,6116.01,2020,22.623522313296903,20.625790072859743,1.584608378870674,0.4136976320582878,2,1.9983060109289617,2024.0,0,-4.0,1.0,treated
51107611601,6116.01,2021,40.957230593607285,38.12522260273973,2.5454805936073055,0.2868801369863012,2,2.8323607305936065,2024.0,0,-3.0,1.0,treated
51107611601,6116.01,2022,71.27084817351597,73.38870547945206,-1.6325593607305926,-0.4851632420091327,2,-2.1177226027397253,2024.0,0,-2.0,1.0,treated
51107611601,6116.01,2023,30.00529109589041,29.612191780821917,0.4283892694063923,-0.0349554794520547,2,0.39343378995433764,2024.0,0,-1.0,1.0,treated
51107611601,6116.01,2024,33.31620787795992,31.229977231329677,2.3321265938069207,-0.2458333333333334,2,2.086293260473587,2024.0,1,0.0,1.0,treated
51107611601,6116.01,2025,44.025829908675775,46.76924429223744,-1.9506118721461172,-0.7927614155251141,2,-2.7433732876712313,2024.0,1,1.0,1.0,treated
51107611700,6117.0,2018,35.94772837661123,32.580855594993466,2.7408854847748927,0.6263964132262283,1,3.3672818980011208,,0,,1.0,control
51107611700,6117.0,2019,28.77125850730728,25.53939093807186,2.6258816433698753,0.6065494894305724,2,3.2324311328004476,,0,,1.0,control
51107611700,6117.0,2020,23.220510018214938,20.625790072859743,2.233776753187614,0.36155282331511845,2,2.595329576502732,,0,,1.0,control
51107611700,6117.0,2021,47.12074429223745,38.125222602739726,7.676192351598177,1.3199349315068494,2,8.996127283105025,,0,,1.0,control
51107611700,6117.0,2022,123.99607134703191,73.38870547945206,46.99640981735161,3.611616438356165,2,50.60802625570778,,0,,1.0,control
51107611700,6117.0,2023,42.9736752283105,29.612191780821917,12.01587785388128,1.3462825342465754,2,13.362160388127855,,0,,1.0,control
51107611700,6117.0,2024,40.562829007286,31.22997723132967,7.8463160291438925,1.4870913023679417,2,9.333407331511834,,0,,1.0,control
51107611700,6117.0,2025,73.41638755707766,46.769244292237445,24.115809360730577,2.5318944063926954,2,26.64770376712327,,0,,1.0,control
51107611804,6118.04,2017,34.790703095147116,32.27547573748568,2.1759113488727544,0.339316010699274,2,2.5152273595720285,2019.0,0,-2.0,1.0,treated
51107611804,6118.04,2018,38.24460559360732,35.69340182648402,2.1845182648401806,0.3669189497716895,2,2.55143721461187,2019.0,0,-1.0,1.0,treated
51107611804,6118.04,2019,28.250101598173526,25.979946347031955,1.9311792237442924,0.3395570776255707,2,2.270736301369863,2019.0,1,0.0,1.0,treated
51107611804,6118.04,2020,22.930933087074525,21.20860153701376,1.4839585232199668,0.23887549844687356,4,1.7228340216668403,2019.0,1,1.0,1.0,treated
51107611804,6118.04,2021,46.66013755707761,38.125222602739726,7.80269092465753,0.7327451484018264,4,8.535436073059357,2019.0,1,2.0,1.0,treated
51107611804,6118.04,2022,106.98960759132422,73.38870547945206,31.244220319634717,2.3574155251141544,4,33.60163584474887,2019.0,1,3.0,1.0,treated
51107611804,6118.04,2023,39.5269663242009,29.612191780821917,8.965195205479448,0.9502060502283105,4,9.915401255707758,2019.0,1,4.0,1.0,treated
51107611804,6118.04,2024,38.19725523679416,31.22997723132969,5.916630806010932,1.05121470856102,4,6.967845514571952,2019.0,1,5.0,1.0,treated
51107611804,6118.04,2025,75.2185388127854,46.76924429223745,26.605389269406377,1.844405251141553,4,28.44979452054793,2019.0,1,6.0,1.0,treated
51107611806,6118.06,2015,37.39276369863012,33.33905136986301,3.6436198630137007,0.41009246575342473,2,4.0537123287671255,,0,,0.5,control
51107611806,6118.06,2016,31.13663706739525,27.5248679417122,3.4795730874316946,0.1321960382513661,2,3.6117691256830606,,0,,0.5,control
51107611806,6118.06,2017,31.368511415525123,29.38840982488584,1.7293310502283108,0.2507705479452056,2,1.9801015981735164,,0,,0.5,control
51107611806,6118.06,2018,38.26245376712329,35.69340182648402,2.2642551369863004,0.30504109589041095,2,2.5692962328767113,,0,,0.5,control
51107611806,6118.06,2019,27.56146347031965,25.979946347031955,1.4068087899543373,0.17504052511415524,2,1.5818493150684927,,0,,0.5,control
51107611806,6118.06,2020,21.70755749089254,20.62579007285974,1.0530640938069213,0.0288940118397085,2,1.0819581056466299,,0,,0.5,control
51107611806,6118.06,2021,41.5835684931507,38.12522260273972,3.0995051369863025,0.3592979452054794,2,3.458803082191782,,0,,0.5,control
51107611806,6118.06,2022,83.41524257990869,73.38870547945206,8.61873401826484,1.4084389269406388,2,10.027172945205479,,0,,0.5,control
51107611806,6118.06,2023,35.53247317351598,29.612191780821917,5.354295091324202,0.5664703196347035,2,5.920765410958905,,0,,0.5,control
51107611806,6118.06,2024,36.744811020036465,31.2299772313297,4.814559426229508,0.7009061930783242,2,5.515465619307832,,0,,0.5,control
51107611806,6118.06,2025,59.24011929223745,46.76924429223746,11.161958904109593,1.3094823059360725,2,12.471441210045665,,0,,0.5,control
51149850100,8501.0,2015,36.57175228310502,33.33905136986301,3.167799657534248,0.06490125570776259,2,3.2327009132420104,,0,,0.5,control
51149850100,8501.0,2016,29.63028574681237,27.52486794171221,2.3232951958105654,-0.21787739071038245,2,2.105417805100183,,0,,0.5,control
51149850100,8501.0,2017,31.277769406392693,29.38840982488584,1.7841769406392687,0.1051826484018265,2,1.8893595890410952,,0,,0.5,control
51149850100,8501.0,2018,38.70621974885844,35.69340182648401,2.901931506849313,0.11091723744292245,2,3.0128487442922354,,0,,0.5,control
51149850100,8501.0,2019,27.40429337899544,25.979946347031955,1.4406175799086767,-0.01609988584474885,2,1.424517694063928,,0,,0.5,control
51149850100,8501.0,2020,21.15324282786886,20.62579007285974,0.7597632058287791,-0.2323053278688526,2,0.5274578779599265,,0,,0.5,control
51149850100,8501.0,2021,40.944959474885835,38.12522260273973,2.7566369863013707,0.06336015981735155,2,2.8199971461187223,,0,,0.5,control
51149850100,8501.0,2022,80.07218949771695,73.38870547945206,6.124765981735162,0.5592037671232878,2,6.683969748858449,,0,,0.5,control
51149850100,8501.0,2023,32.826311073059344,29.612191780821913,3.0800439497716905,0.13449029680365293,2,3.2145342465753433,,0,,0.5,control
51149850100,8501.0,2024,36.955597677595634,31.229977231329695,5.740495218579232,-0.0147296220400728,2,5.725765596539159,,0,,0.5,control
51149850100,8501.0,2025,53.385051369863014,46.769244292237445,6.5624914383561475,0.053514269406392645,2,6.6160057077625405,,0,,0.5,control
51153900802,9008.02,2015,37.58251369863015,33.33905136986301,3.658843607305939,0.5846187214611873,2,4.2434623287671265,,0,,1.0,control
51153900802,9008.02,2016,30.72168545081967,27.52486794171221,2.960791211293261,0.2360262978142076,2,3.1968175091074684,,0,,1.0,control
51153900802,9008.02,2017,31.614909246575337,29.38840982488584,1.791584474885845,0.4349149543378996,2,2.2264994292237446,,0,,1.0,control
51153900802,9008.02,2018,38.77840639269407,35.69340182648401,2.6255976027397225,0.4596426940639266,2,3.085240296803649,,0,,1.0,control
51153900802,9008.02,2019,27.66875856164385,25.979946347031955,1.4168989726027394,0.2724012557077625,2,1.6893002283105019,,0,,1.0,control
51153900802,9008.02,2020,21.815281193078334,20.62579007285974,1.0895884562841527,0.10019524134790525,2,1.189783697632058,,0,,1.0,control
51153900802,9008.02,2021,42.147771689497716,38.125222602739726,3.480600456621005,0.542509703196347,2,4.023110159817352,,0,,1.0,control
51153900802,9008.02,2022,84.31646632420092,73.38870547945204,9.14852340182648,1.7799566210045659,2,10.928480022831046,,0,,1.0,control
51153900802,9008.02,2023,36.211965753424664,29.612191780821913,5.943352168949772,0.6570844748858446,2,6.600436643835617,,0,,1.0,control
51153900802,9008.02,2024,36.98331739526412,31.22997723132967,4.984874203096538,0.7689537795992714,2,5.753827982695809,,0,,1.0,control
51153900802,9008.02,2025,58.18967808219179,46.769244292237445,9.873321347031961,1.5476546803652957,2,11.420976027397257,,0,,1.0,control
51153901011,9010.11,2015,37.442562785388105,33.33905136986301,3.595163242009133,0.5083481735159822,1,4.103511415525115,,0,,0.5,control
51153901011,9010.11,2016,30.670956284153004,27.52486794171221,2.943250227686703,0.2028381147540984,1,3.1460883424408017,,0,,0.5,control
51153901011,9010.11,2017,31.71479760618737,29.523698065826594,1.8130869322883147,0.378012616453679,2,2.1910995487419935,,0,,0.5,control
51153901011,9010.11,2018,38.73383219178083,35.69340182648402,2.618125570776254,0.42257762557077627,2,3.04070319634703,,0,,0.5,control
51153901011,9010.11,2019,27.614594748858455,25.979946347031955,1.3916929223744292,0.24332933789954325,2,1.6350222602739723,,0,,0.5,control
51153901011,9010.11,2020,21.66467213114754,20.625790072859743,1.00303164845173,0.0361566484517304,2,1.0391882969034605,,0,,0.5,control
51153901011,9010.11,2021,41.81963584474887,38.125222602739726,3.2606849315068493,0.4342328767123285,2,3.694917808219178,,0,,0.5,control
51153901011,9010.11,2022,83.46853424657536,73.38870547945206,8.447791095890405,1.6327659817351594,2,10.080557077625565,,0,,0.5,control
51153901011,9010.11,2023,35.929118721461194,29.612191780821917,5.71223515981735,0.6053013698630139,2,6.317536529680364,,0,,0.5,control
51153901011,9010.11,2024,36.72015482695812,31.22997723132969,4.78810109289617,0.7026536885245895,2,5.49075478142076,,0,,0.5,control
51153901011,9010.11,2025,57.09380251141549,46.769244292237445,8.949359589041094,1.3758013698630127,2,10.325160958904107,,0,,0.5,control
51153901100,9011.0,2015,37.40086415525115,33.33905136986301,3.578214611872146,0.4835981735159816,2,4.061812785388128,,0,,1.0,control
51153901100,9011.0,2016,30.552030965391634,27.52486794171221,2.8270412112932615,0.2001218123861567,2,3.0271630236794183,,0,,1.0,control
51153901100,9011.0,2017,31.56303424657534,29.38840982488584,1.7829748858447494,0.3916495433789952,2,2.1746244292237447,,0,,1.0,control
51153901100,9011.0,2018,38.688450913242015,35.69340182648401,2.6205468036529656,0.3747465753424657,2,2.9952933789954312,,0,,1.0,control
51153901100,9011.0,2019,27.599116438356173,25.97994634703196,1.3846826484018266,0.2348892694063926,2,1.6195719178082193,,0,,1.0,control
51153901100,9011.0,2020,21.66329121129326,20.62579007285974,0.9909266848816028,0.0469182604735883,2,1.0378449453551912,,0,,1.0,control
51153901100,9011.0,2021,41.824898401826495,38.12522260273972,3.239827625570776,0.4603504566210046,2,3.7001780821917807,,0,,1.0,control
51153901100,9011.0,2022,83.38232534246576,73.38870547945204,8.34754109589041,1.6467762557077623,2,9.994317351598172,,0,,1.0,control
51153901100,9011.0,2023,35.83899086757993,29.612191780821913,5.606329908675798,0.6210102739726029,2,6.227340182648401,,0,,1.0,control
51153901100,9011.0,2024,36.646561930783214,31.22997723132969,4.713629326047357,0.7033959471766846,2,5.417025273224041,,0,,1.0,control
51153901100,9011.0,2025,56.5503390410959,46.76924429223745,8.406363013698632,1.375283105022831,2,9.781646118721463,,0,,1.0,control
51153901203,9012.03,2015,37.449066210045665,33.33905136986301,3.536853881278541,0.573160958904109,1,4.11001484018265,,0,,0.5,control
51153901203,9012.03,2016,30.59495332422586,27.52486794171221,2.7958800091074685,0.2742053734061931,1,3.0700853825136614,,0,,0.5,control
51153901203,9012.03,2017,31.60525799086756,29.38840982488584,1.749232876712328,0.467615296803653,1,2.216848173515981,,0,,0.5,control
51153901203,9012.03,2018,38.77558561643835,35.69340182648401,2.522730593607305,0.5597203196347033,1,3.082450913242008,,0,,0.5,control
51153901203,9012.03,2019,27.711265981735167,25.979946347031955,1.3951347031963466,0.3366187214611872,1,1.731753424657534,,0,,0.5,control
51153901203,9012.03,2020,22.013867258652095,20.62579007285974,1.2719603825136607,0.1166108834244079,1,1.3885712659380687,,0,,0.5,control
51153901203,9012.03,2021,42.05772374429225,38.12522260273972,3.3003595890410957,0.632695205479452,1,3.933054794520548,,0,,0.5,control
51153901203,9012.03,2022,83.3569988584475,73.38870547945206,8.12665867579908,1.842376712328768,1,9.969035388127848,,0,,0.5,control
51153901203,9012.03,2023,35.320573059360726,29.612191780821913,5.061777397260272,0.6472146118721459,1,5.708992009132418,,0,,0.5,control
51153901203,9012.03,2024,36.79073201275046,31.22997723132969,4.740278916211291,0.820987021857924,1,5.561265938069215,,0,,0.5,control
51153901203,9012.03,2025,57.74584474885849,46.769244292237424,9.464910958904111,1.512253424657536,1,10.977164383561647,,0,,0.5,control
51153901223,9012.23,2015,37.78679680365297,33.33905136986301,3.668566780821919,0.7791786529680365,2,4.447745433789955,,0,,1.0,control
51153901223,9012.23,2016,30.911873292349732,27.52486794171221,3.006397427140258,0.38060792349726785,2,3.387005350637526,,0,,1.0,control
51153901223,9012.23,2017,31.755900114155246,29.38840982488584,1.8010085616438358,0.566481735159817,2,2.367490296803653,,0,,1.0,control
51153901223,9012.23,2018,39.021215182648405,35.69340182648401,2.659752853881275,0.6683613013698633,2,3.3281141552511384,,0,,1.0,control
51153901223,9012.23,2019,27.853427511415525,25.979946347031955,1.4238584474885838,0.45018378995433783,2,1.8740422374429215,,0,,1.0,control
51153901223,9012.23,2020,22.01683117030965,20.62579007285974,1.1985775273224042,0.19284209927140245,2,1.3914196265938066,,0,,1.0,control
51153901223,9012.23,2021,42.41701940639269,38.12522260273972,3.5594589041095874,0.7328966894977165,2,4.292355593607304,,0,,1.0,control
51153901223,9012.23,2022,85.6483196347032,73.38870547945204,10.057003424657532,2.203361872146118,2,12.26036529680365,,0,,1.0,control
51153901223,9012.23,2023,36.379751141552504,29.612191780821913,5.977978310502284,0.7901866438356167,2,6.7681649543379,,0,,1.0,control
51153901223,9012.23,2024,37.199105760473614,31.22997723132967,5.063841643897993,0.9058293488160292,2,5.969670992714022,,0,,1.0,control
51153901223,9012.23,2025,59.02943264840182,46.76924429223741,10.593492579908665,1.6673156392694064,2,12.26080821917807,,0,,1.0,control
51153901303,9013.03,2024,31.87681305150833,32.86455366304121,-0.3048224912784733,-0.6831541145085157,1,-0.987976605786989,2021.0,1,3.0,1.0,treated
51153901303,9013.03,2025,42.48135502283109,46.76924429223744,-3.159621004566209,-1.128416666666667,1,-4.2880376712328765,2021.0,1,4.0,1.0,treated
51153901304,9013.04,2015,37.47896118721461,33.33905136986301,3.580682648401826,0.5592271689497719,2,4.139909817351597,2017.0,0,-2.0,1.0,treated
51153901304,9013.04,2016,29.905728879520016,27.28785471055619,2.597848224420302,0.0200259445435382,2,2.61787416896384,2017.0,0,-1.0,1.0,treated
51153901304,9013.04,2017,46.00210494203783,41.352409835201854,4.095730119991865,0.5539650066097215,2,4.6496951266015865,2017.0,1,0.0,1.0,treated
51153901304,9013.04,2018,38.517523401826466,35.69340182648402,2.415970319634701,0.4083807077625572,2,2.8243510273972583,2017.0,1,1.0,1.0,treated
51153901304,9013.04,2019,27.71823687214613,25.979946347031955,1.4120496575342463,0.3267682648401826,2,1.738817922374429,2017.0,1,2.0,1.0,treated
51153901304,9013.04,2020,21.92085780965391,20.625790072859743,1.135545878870674,0.15990152550091075,2,1.295447404371585,2017.0,1,3.0,1.0,treated
51153901304,9013.04,2021,40.570412071917815,36.783630707762555,2.9943102454337898,0.7931576769406393,5,3.787467922374429,2017.0,1,4.0,1.0,treated
51153901304,9013.04,2022,83.94137602739728,73.38870547945206,8.092248858447487,2.4612680365296815,5,10.553516894977168,2017.0,1,5.0,1.0,treated
51153901304,9013.04,2023,35.622268264840194,29.612191780821917,4.963211415525112,1.0474509132420091,5,6.010662328767122,2017.0,1,6.0,1.0,treated
51153901304,9013.04,2024,37.33827823315117,31.22997723132969,4.76991575591985,1.3390054644808742,5,6.108921220400725,2017.0,1,7.0,1.0,treated
51153901304,9013.04,2025,60.096951826484016,46.769244292237445,11.042367579908664,2.2858863013698625,5,13.328253881278526,2017.0,1,8.0,1.0,treated
51153901306,9013.06,2015,37.301523972602766,33.33905136986301,3.496205479452054,0.466267123287671,1,3.962472602739725,,0,,0.5,control
51153901306,9013.06,2016,30.45122267759563,27.52486794171221,2.736948998178508,0.189405737704918,1,2.9263547358834257,,0,,0.5,control
51153901306,9013.06,2017,31.523462328767152,29.38840982488584,1.7380273972602738,0.3970251141552512,1,2.135052511415525,,0,,0.5,control
51153901306,9013.06,2018,38.65997602739724,35.69340182648401,2.4866940639269415,0.4800684931506848,1,2.9667625570776264,,0,,0.5,control
51153901306,9013.06,2019,27.621247716894977,25.979946347031955,1.3817031963470316,0.2601461187214613,1,1.641849315068493,,0,,0.5,control
51153901306,9013.06,2020,21.88105191256831,20.62579007285974,1.1888000910746803,0.066870446265938,1,1.2556705373406183,,0,,0.5,control
51153901306,9013.06,2021,41.85799657534247,38.12522260273972,3.2215011415525105,0.5117705479452056,1,3.733271689497716,,0,,0.5,control
51153901306,9013.06,2022,82.95912214611872,73.38870547945204,7.938697488584474,1.632300228310502,1,9.570997716894976,,0,,0.5,control
51153901306,9013.06,2023,35.19266552511416,29.612191780821913,5.0091598173515965,0.5719178082191781,1,5.581077625570774,,0,,0.5,control
51153901306,9013.06,2024,36.65734517304188,31.22997723132969,4.631524362477229,0.7963661202185789,1,5.427890482695808,,0,,0.5,control
51153901306,9013.06,2025,57.22524885844748,46.76924429223742,8.900286529680358,1.5563333333333336,1,10.45661986301369,,0,,0.5,control
51153901409,9014.09,2015,31.24623225302488,29.56686334726917,0.9991832508736735,0.6801856548820413,4,1.6793689057557148,2017.0,0,-2.0,1.0,treated
51153901409,9014.09,2016,29.69790869763205,27.52486794171221,1.4682678734061936,0.7047728825136615,4,2.173040755919855,2017.0,0,-1.0,1.0,treated
51153901409,9014.09,2017,30.922882990867585,29.38840982488584,0.7624280821917807,0.7720450913242011,4,1.5344731735159818,2017.0,1,0.0,1.0,treated
51153901409,9014.09,2018,37.74787842465753,35.69340182648401,1.0891050228310508,0.965705479452055,4,2.0548105022831056,2017.0,1,1.0,1.0,treated
51153901409,9014.09,2019,28.002443493150686,25.97994634703196,1.120116438356164,0.9029309360730594,4,2.023047374429223,2017.0,1,2.0,1.0,treated
51153901409,9014.09,2020,22.203726092896176,20.62579007285974,0.8142440801457189,0.764154713114754,4,1.5783987932604728,2017.0,1,3.0,1.0,treated
51153901409,9014.09,2021,41.50820091324202,38.125222602739726,2.1983196347031964,1.185278538812786,4,3.383598173515982,2017.0,1,4.0,1.0,treated
51153901409,9014.09,2022,78.11643493150686,73.38870547945206,3.3894937214611884,1.338796803652968,4,4.728290525114156,2017.0,1,5.0,1.0,treated
51153901409,9014.09,2023,33.16159703196346,29.612191780821917,2.962366438356164,0.5875907534246573,4,3.5499571917808215,2017.0,1,6.0,1.0,treated
51153901409,9014.09,2024,34.75577669626594,31.22997723132968,2.8403523451730406,0.6860001138433511,4,3.5263524590163917,2017.0,1,7.0,1.0,treated
51153901409,9014.09,2025,48.65631133942161,44.48114543378994,3.6864813546423143,0.48903531202435324,5,4.175516666666668,2017.0,1,8.0,1.0,treated
51153901417,9014.17,2017,34.87797478028277,32.27547573748568,2.286816965991593,0.315682078716087,1,2.60249904470768,,0,,0.3333333333333333,control
51153901417,9014.17,2018,38.34331164383562,35.69340182648402,2.371815068493149,0.2782648401826484,1,2.6500799086757976,,0,,0.3333333333333333,control
51153901417,9014.17,2019,27.56573858447489,25.979946347031955,1.3886940639269405,0.1976073059360731,1,1.5863013698630135,,0,,0.3333333333333333,control
51153901417,9014.17,2020,21.719940801457213,20.625790072859743,1.0509767759562845,0.0434483151183971,1,1.0944250910746816,,0,,0.3333333333333333,control
51153901417,9014.17,2021,41.66972945205478,38.125222602739726,3.1222271689497725,0.4227728310502283,1,3.545000000000001,,0,,0.3333333333333333,control
51153901417,9014.17,2022,82.89876141552506,73.38870547945206,8.00236872146119,1.5082671232876703,1,9.51063584474886,,0,,0.3333333333333333,control
51153901417,9014.17,2023,35.39966438356163,29.612191780821917,5.187877853881277,0.6002522831050231,1,5.7881301369863,,0,,0.3333333333333333,control
51153901417,9014.17,2024,36.761497040072875,31.229977231329677,4.726410519125678,0.8057570582877962,1,5.532167577413475,,0,,0.3333333333333333,control
51153901417,9014.17,2025,59.4613287671233,46.76924429223747,11.217521689497715,1.4752100456621011,1,12.692731735159816,,0,,0.3333333333333333,control
51179010103,101.03,2015,37.335133561643815,33.33905136986301,3.60546689497717,0.3906152968036527,1,3.9960821917808227,,0,,0.3333333333333333,control
51179010103,101.03,2016,30.573646402550096,27.52486794171221,2.914174635701276,0.134603825136612,1,3.0487784608378883,,0,,0.3333333333333333,control
51179010103,101.03,2017,31.504883561643833,29.38840982488584,1.7817031963470324,0.3347705479452055,1,2.116473744292238,,0,,0.3333333333333333,control
51179010103,101.03,2018,38.61511301369861,35.69340182648401,2.618949771689497,0.302816210045662,1,2.921765981735159,,0,,0.3333333333333333,control
51179010103,101.03,2019,27.551821917808223,25.97994634703196,1.383029680365297,0.1891015981735159,1,1.572131278538813,,0,,0.3333333333333333,control
51179010103,101.03,2020,21.607065118397095,20.62579007285974,0.9838592896174858,-0.0023668032786885,1,0.9814924863387973,,0,,0.3333333333333333,control
51179010103,101.03,2021,41.810351598173504,38.125222602739726,3.307399543378994,0.3781837899543378,1,3.685583333333332,,0,,0.3333333333333333,control
51179010103,101.03,2022,83.07179452054797,73.38870547945206,8.207321917808216,1.4763584474885842,1,9.6836803652968,,0,,0.3333333333333333,control
51179010103,101.03,2023,35.72020662100458,29.612191780821917,5.575514840182647,0.5331187214611872,1,6.108633561643835,,0,,0.3333333333333333,control
51179010103,101.03,2024,36.68412340619313,31.229977231329705,4.863218351548264,0.5914105191256825,1,5.454628870673947,,0,,0.3333333333333333,control
51179010103,101.03,2025,56.98461872146119,46.76924429223746,8.98275228310502,1.233152968036529,1,10.21590525114155,,0,,0.3333333333333333,control
51179010105,101.05,2015,37.48595319634704,33.33905136986301,3.5728795662100454,0.5740222602739726,2,4.146901826484018,,0,,0.5,control
51179010105,101.05,2016,30.70423041894353,27.52486794171221,2.8916290983606583,0.2877333788706739,2,3.179362477231332,,0,,0.5,control
51179010105,101.05,2017,31.665196917808217,29.38840982488584,1.7773801369863005,0.4994069634703197,2,2.27678710045662,,0,,0.5,control
51179010105,101.05,2018,38.83820490867579,35.69340182648401,2.6269663242009127,0.5181404109589043,2,3.1451067351598168,,0,,0.5,control
51179010105,101.05,2019,27.690942351598174,25.979946347031955,1.361977739726027,0.3495222602739728,2,1.7115,,0,,0.5,control
51179010105,101.05,2020,21.6883635018215,20.62579007285974,0.947459016393442,0.11543488160291435,2,1.0628938979963563,,0,,0.5,control
51179010105,101.05,2021,42.04336815068493,38.12522260273972,3.3190650684931495,0.5997026255707762,2,3.9187676940639258,,0,,0.5,control
51179010105,101.05,2022,83.10802168949772,73.38870547945204,7.794158675799087,1.9258413242009134,2,9.72,,0,,0.5,control
51179010105,101.05,2023,35.493533675799085,29.612191780821913,5.194584474885848,0.6874263698630139,2,5.882010844748862,,0,,0.5,control
51179010105,101.05,2024,36.74409665300547,31.229977231329677,4.77820241347905,0.7364549180327866,2,5.514657331511837,,0,,0.5,control
51179010105,101.05,2025,56.881230022831055,46.76924429223743,8.621810502283097,1.490685502283105,2,10.112496004566202,,0,,0.5,control
51179010108,101.08,2015,37.40271689497717,33.33905136986301,3.6195308219178095,0.4441347031963468,1,4.063665525114156,,0,,0.3333333333333333,control
51179010108,101.08,2016,30.628259335154834,27.5248679417122,2.928098816029144,0.1752925774134791,1,3.103391393442623,,0,,0.3333333333333333,control
51179010108,101.08,2017,31.549321917808207,29.388409824885837,1.785312785388128,0.3755993150684933,1,2.1609121004566214,,0,,0.3333333333333333,control
51179010108,101.08,2018,38.6814783105023,35.69340182648402,2.6132819634703193,0.3749999999999999,1,2.9882819634703193,,0,,0.3333333333333333,control
51179010108,101.08,2019,27.59840639269407,25.979946347031955,1.3965684931506852,0.2222511415525114,1,1.6188196347031967,,0,,0.3333333333333333,control
51179010108,101.08,2020,21.667966757741357,20.62579007285974,1.0115072859744991,0.0308686247723133,1,1.0423759107468125,,0,,0.3333333333333333,control
51179010108,101.08,2021,41.85072602739725,38.12522260273972,3.2971255707762555,0.4289132420091325,1,3.726038812785388,,0,,0.3333333333333333,control
51179010108,101.08,2022,83.44164269406394,73.38870547945206,8.466871004566208,1.5867671232876703,1,10.053638127853878,,0,,0.3333333333333333,control
51179010108,101.08,2023,35.97332534246578,29.612191780821917,5.780878995433788,0.5808207762557077,1,6.361699771689496,,0,,0.3333333333333333,control
51179010108,101.08,2024,36.807555783242265,31.229977231329663,4.9084642531876135,0.6697040072859741,1,5.578168260473587,,0,,0.3333333333333333,control
51179010108,101.08,2025,57.22614840182649,46.76924429223743,9.140912100456616,1.316584474885845,1,10.45749657534246,,0,,0.3333333333333333,control
51179010205,102.05,2015,31.968885844748847,33.33905136986301,-0.2385901826484013,-1.1315753424657533,1,-1.3701655251141547,,0,,0.5,control
51179010205,102.05,2016,27.505063752276858,27.5248679417122,0.7580043260473586,-0.7778085154826957,1,-0.019804189435337127,,0,,0.5,control
51179010205,102.05,2017,28.49347031963471,29.388409824885837,-0.1920490867579911,-0.7028904109589039,1,-0.894939497716895,,0,,0.5,control
51179010205,102.05,2018,34.97359931506847,35.69340182648401,0.045840182648403,-0.7657819634703203,1,-0.7199417808219174,,0,,0.5,control
51179010205,102.05,2019,26.29321461187215,25.979946347031955,0.6599280821917808,-0.3467146118721461,1,0.3132134703196347,,0,,0.5,control
51179010205,102.05,2020,20.789415983606553,20.625790072859733,0.3655179872495444,-0.201742941712204,1,0.16377504553734037,,0,,0.5,control
51179010205,102.05,2021,39.0127077625571,38.12522260273972,1.3552363013698632,-0.4676769406392692,1,0.887559360730594,,0,,0.5,control
51179010205,102.05,2022,71.7986404109589,73.38870547945206,-0.4357557077625559,-1.1543744292237448,1,-1.5901301369863008,,0,,0.5,control
51179010205,102.05,2023,29.98927397260273,29.612191780821917,0.8509292237442919,-0.4738333333333334,1,0.37709589041095853,,0,,0.5,control
51179010205,102.05,2024,30.73849840619307,31.229977231329663,0.1293488160291455,-0.6209084699453551,1,-0.4915596539162096,,0,,0.5,control
51179010205,102.05,2025,43.31818378995433,46.76924429223743,-2.2397990867579907,-1.2115353881278534,1,-3.451334474885844,,0,,0.5,control
51510201300,2013.0,2022,86.88281620175778,74.25445166220862,9.680641956438672,2.9483607183798237,1,12.629002674818496,,0,,0.3333333333333333,control
51510201300,2013.0,2023,36.23805593607307,29.612191780821913,5.687221461187216,0.9392557077625572,1,6.626477168949773,,0,,0.3333333333333333,control
51510201300,2013.0,2024,37.5003483606557,31.229977231329684,5.130083105646627,1.1407969034608385,1,6.270880009107466,,0,,0.3333333333333333,control
51510201300,2013.0,2025,59.788119863013705,46.76924429223744,11.009090182648404,2.010365296803653,1,13.019455479452056,,0,,0.3333333333333333,control
51550021009,210.09,2015,38.357972602739736,33.339051369863014,3.9498801369863017,1.0690410958904104,1,5.018921232876712,,0,,1.0,control
51550021009,210.09,2016,30.767509492891172,27.80413057001546,2.4183786775274188,0.5450002453483005,2,2.9633789228757195,,0,,1.0,control
51550021009,210.09,2017,31.76503652968036,29.38840982488584,1.7343504566210033,0.6422762557077628,2,2.376626712328766,,0,,1.0,control
51550021009,210.09,2018,39.39384817351598,35.69340182648402,2.788813926940638,0.911942922374429,2,3.700756849315067,,0,,1.0,control
51550021009,210.09,2019,27.632743721461182,25.979946347031955,1.176882420091324,0.4764417808219179,2,1.6533242009132418,,0,,1.0,control
51550021009,210.09,2020,21.385722905282336,20.62579007285974,0.5802356557377044,0.1800136612021857,2,0.7602493169398901,,0,,1.0,control
51550021009,210.09,2021,41.42327226027396,38.125222602739726,2.699488584474885,0.5989434931506847,2,3.29843207762557,,0,,1.0,control
51550021009,210.09,2022,79.63255479452053,73.38870547945206,4.428857305936072,1.815563356164384,2,6.244420662100456,,0,,1.0,control
51550021009,210.09,2023,32.456982876712324,29.612191780821917,2.3750582191780834,0.4702414383561644,2,2.8452996575342477,,0,,1.0,control
51550021009,210.09,2024,33.36614412568305,31.2299772313297,1.7608310564663001,0.37566256830601086,2,2.136493624772311,,0,,1.0,control
51550021009,210.09,2025,51.345079908675785,46.769244292237445,3.562011415525116,1.0142614155251142,2,4.576272831050231,,0,,1.0,control
51650010200,102.0,2015,32.78875799086758,33.33905136986301,-0.4678652968036519,-0.0824280821917809,2,-0.5502933789954328,,0,,0.5,control
51650010200,102.0,2016,28.782576275045543,27.5248679417122,0.5762477231329686,0.6814606102003643,2,1.257708333333333,,0,,0.5,control
51650010200,102.0,2017,30.950283105022823,29.388409824885837,1.2064041095890412,0.3554691780821917,2,1.561873287671233,,0,,0.5,control
51650010200,102.0,2018,44.10961643835616,35.69340182648402,8.261267123287675,0.1551986301369862,2,8.416465753424662,,0,,0.5,control
51650010200,102.0,2019,26.494559360730612,25.97994634703196,0.478110730593607,0.0368835616438356,2,0.5149942922374425,,0,,0.5,control
51650010200,102.0,2020,21.148979963570135,20.625790072859736,0.414890710382513,0.1085758196721312,2,0.5234665300546442,,0,,0.5,control
51650010200,102.0,2021,37.51388356164385,38.12522260273972,-0.19748401826484,-0.4137591324200912,2,-0.6112431506849312,,0,,0.5,control
51650010200,102.0,2022,69.23435502283102,73.38870547945206,-2.603004566210046,-1.5514651826484014,2,-4.154469748858447,,0,,0.5,control
51650010200,102.0,2023,29.09860502283103,29.612191780821917,-0.1319805936073057,-0.3815433789954339,2,-0.5135239726027396,,0,,0.5,control
51650010200,102.0,2024,30.48948201275048,31.22997723132969,-0.1194888433515476,-0.6211327413479053,2,-0.7406215846994529,,0,,0.5,control
51650010200,102.0,2025,43.32068150684933,46.76924429223747,-2.4307888127853863,-1.017872146118722,2,-3.4486609589041084,,0,,0.5,control
51650010314,103.14,2015,37.33135882800608,33.33905136986301,3.1720241628614922,0.8202832952815827,6,3.992307458143075,,0,,1.0,control
51650010314,103.14,2016,30.13497514420158,27.524867941712206,2.255450629933213,0.35465657255616273,6,2.6101072024893757,,0,,1.0,control
51650010314,103.14,2017,32.01666152968036,29.38840982488584,1.9473506468797563,0.6809010654490107,6,2.628251712328767,,0,,1.0,control
51650010314,103.14,2018,39.35822146118722,35.69340182648402,2.8808146879756453,0.7843000380517503,6,3.6651147260273955,,0,,1.0,control
51650010314,103.14,2019,27.300043759512935,25.979946347031955,1.0642817732115677,0.25616000761034996,6,1.3204417808219175,,0,,1.0,control
51650010314,103.14,2020,21.14495237553127,20.625790072859736,0.5878400121432908,-0.06857695810564661,6,0.5192630540376443,,0,,1.0,control
51650010314,103.14,2021,41.25354356925418,38.125222602739726,2.763324200913243,0.36537062404870624,6,3.128694824961949,,0,,1.0,control
51650010314,103.14,2022,79.25188641552512,73.38870547945204,4.72051674277017,1.1431653348554036,6,5.863682077625573,,0,,1.0,control
51650010314,103.14,2023,32.501871004566205,29.612191780821913,2.6173538812785404,0.2727962328767123,6,2.8901501141552526,,0,,1.0,control
51650010314,103.14,2024,33.744767000607176,31.229977231329695,2.3120095248937447,0.20303411505768063,6,2.515043639951425,,0,,1.0,control
51650010314,103.14,2025,50.635552130898056,46.76924429223744,3.4676404109589036,0.3989385464231354,6,3.866578957382039,,0,,1.0,control
51683910402,9104.02,2015,37.478961187214615,33.33905136986301,3.5806826484018264,0.5592271689497719,1,4.139909817351598,2021.0,0,-6.0,1.0,treated
51683910402,9104.02,2016,30.441697404371578,27.5248679417122,2.8079576502732246,0.1088718123861566,1,2.9168294626593814,2021.0,0,-5.0,1.0,treated
51683910402,9104.02,2017,31.432727168949764,29.38840982488584,1.7426563926940637,0.3016609589041096,1,2.044317351598173,2021.0,0,-4.0,1.0,treated
51683910402,9104.02,2018,38.46443493150685,35.69340182648401,2.4005045662100453,0.370716894977169,1,2.7712214611872144,2021.0,0,-3.0,1.0,treated
51683910402,9104.02,2019,27.371452765478367,25.51133545731735,1.5934007966028145,0.26727738133755896,2,1.8606781779403736,2021.0,0,-2.0,1.0,treated
51683910402,9104.02,2020,21.868033356102003,20.625790072859743,1.1406608606557376,0.10187841530054635,2,1.2425392759562839,2021.0,0,-1.0,1.0,treated
51683910402,9104.02,2021,41.92878367579908,38.125222602739726,3.2161678082191774,0.5879840182648401,2,3.8041518264840173,2021.0,1,0.0,1.0,treated
51683910402,9104.02,2022,83.43232534246576,73.38870547945206,8.093161529680364,1.9510827625570768,2,10.04424429223744,2021.0,1,1.0,1.0,treated
51683910402,9104.02,2023,31.61147554674357,27.19673197548666,3.5558832732516223,0.8592044580629657,5,4.415087731314588,2021.0,1,2.0,1.0,treated
51683910402,9104.02,2024,37.0904494535519,31.229977231329702,4.766835382513654,1.0942160746812388,5,5.861051457194893,2021.0,1,3.0,1.0,treated
51683910402,9104.02,2025,59.82593493150686,46.769244292237424,11.040936529680366,2.0163228310502284,5,13.057259360730594,2021.0,1,4.0,1.0,treated
51800075601,756.01,2015,36.537472602739754,33.33905136986301,3.0731461187214615,0.125275114155251,2,3.1984212328767123,,0,,1.0,control
51800075601,756.01,2016,29.489423383424402,27.524867941712202,2.1563621357012766,-0.19180669398907102,2,1.9645554417122055,,0,,1.0,control
51800075601,756.01,2017,31.082942351598184,29.38840982488584,1.6931095890410948,0.00142294520547945,2,1.6945325342465742,,0,,1.0,control
51800075601,756.01,2018,38.45513470319632,35.69340182648402,2.777279680365296,-0.0155502283105022,2,2.761729452054794,,0,,1.0,control
51800075601,756.01,2019,26.985738013698622,25.979946347031955,1.1105958904109585,-0.1047328767123288,2,1.0058630136986297,,0,,1.0,control
51800075601,756.01,2020,20.95582422586521,20.62579007285974,0.5903660063752272,-0.26042862021857927,2,0.3299373861566479,,0,,1.0,control
51800075601,756.01,2021,40.79056963470321,38.125222602739726,2.7004235159817345,-0.034857305936073,2,2.6655662100456614,,0,,1.0,control
51800075601,756.01,2022,78.09297545662098,73.38870547945206,4.414909246575343,0.28967351598173524,2,4.704582762557078,,0,,1.0,control
51800075601,756.01,2023,31.966215753424652,29.612191780821917,2.378153538812787,-0.02382363013698625,2,2.3543299086758007,,0,,1.0,control
51800075601,756.01,2024,32.84369990892529,31.22997723132968,1.7609767759562815,-0.1472427140255009,2,1.6137340619307807,,0,,1.0,control
51800075601,756.01,2025,49.39516381278537,46.769244292237445,2.761146689497716,-0.13504280821917808,2,2.6261038812785378,,0,,1.0,control
51810040000,400.0,2015,38.6520605022831,33.339051369863014,4.421543378995432,0.8914657534246577,2,5.31300913242009,,0,,0.3333333333333333,control
51810040000,400.0,2016,29.91889059653917,27.524867941712202,2.200248178506376,0.19377447632058295,2,2.394022654826959,,0,,0.3333333333333333,control
51810040000,400.0,2017,31.55322773972603,29.38840982488584,1.7606055936073048,0.4042123287671232,2,2.164817922374428,,0,,0.3333333333333333,control
51810040000,400.0,2018,39.50731221461187,35.69340182648401,3.1466227168949756,0.6675262557077627,2,3.814148972602738,,0,,0.3333333333333333,control
51810040000,400.0,2019,27.471943493150683,25.979946347031955,1.1167385844748856,0.3756940639269407,2,1.4924326484018264,,0,,0.3333333333333333,control
51810040000,400.0,2020,21.27827811930783,20.625790072859736,0.5685513433515479,0.0842008196721311,2,0.652752163023679,,0,,0.3333333333333333,control
51810040000,400.0,2021,41.46247716894976,38.125222602739726,2.7100924657534247,0.6276569634703197,2,3.337749429223744,,0,,0.3333333333333333,control
51810040000,400.0,2022,79.41383618721463,73.38870547945204,4.439033675799086,1.5866592465753424,2,6.025692922374429,,0,,0.3333333333333333,control
51810040000,400.0,2023,32.42888584474886,29.612191780821917,2.3805405251141574,0.43663527397260254,2,2.81717579908676,,0,,0.3333333333333333,control
51810040000,400.0,2024,33.4683959471767,31.229977231329705,1.837839822404372,0.4009727914389798,2,2.2388126138433515,,0,,0.3333333333333333,control
51810040000,400.0,2025,50.59924200913243,46.76924429223742,3.14928767123288,0.6810456621004566,2,3.8303333333333365,,0,,0.3333333333333333,control
51810045810,458.1,2015,38.724884703196366,33.339051369863014,4.524466894977168,0.8613664383561643,2,5.385833333333332,,0,,1.0,control
51810045810,458.1,2016,30.004927709471772,27.52486794171221,2.198509790528233,0.2815499772313297,2,2.480059767759563,,0,,1.0,control
51810045810,458.1,2017,31.626384132420085,29.38840982488584,1.7571643835616433,0.4808099315068496,2,2.237974315068493,,0,,1.0,control
51810045810,458.1,2018,39.1412294520548,35.69340182648401,2.799312214611872,0.6487425799086759,2,3.448054794520548,,0,,1.0,control
51810045810,458.1,2019,27.442074200913233,25.97994634703196,1.1598601598173515,0.30267351598173503,2,1.4625336757990866,,0,,1.0,control
51810045810,458.1,2020,21.22082081056466,20.625790072859736,0.5761367258652088,0.018995901639344198,2,0.595132627504553,,0,,1.0,control
51810045810,458.1,2021,41.3272642694064,38.125222602739726,2.7085998858447473,0.4938681506849314,2,3.2024680365296785,,0,,1.0,control
51810045810,458.1,2022,79.20407191780822,73.38870547945204,4.439215753424658,1.3766780821917808,2,5.815893835616438,,0,,1.0,control
51810045810,458.1,2023,32.34868436073059,29.612191780821913,2.3803127853881296,0.35668150684931504,2,2.7369942922374446,,0,,1.0,control
51810045810,458.1,2024,33.38067622950818,31.229977231329677,1.821725295992714,0.32932206284153,2,2.151047358834244,,0,,1.0,control
51810045810,458.1,2025,50.73273801369866,46.76924429223744,3.3127180365296782,0.6511449771689501,2,3.9638630136986284,,0,,1.0,control
